"","value","est","lambda","type"
"1",0.255755744162852,"Pearson","0","MAE"
"2",0.249499706225471,"Pearson","0","MAE"
"3",0.250896588744518,"Pearson","0","MAE"
"4",0.254143021019466,"Pearson","0","MAE"
"5",0.260843498507966,"Pearson","0","MAE"
"6",0.266239084535969,"Pearson","0","MAE"
"7",0.252142331329769,"Pearson","0","MAE"
"8",0.25395942240483,"Pearson","0","MAE"
"9",0.256690925149119,"Pearson","0","MAE"
"10",0.254334233999126,"Pearson","0","MAE"
"11",0.256125232057192,"Pearson","0.1","MAE"
"12",0.247205567444908,"Pearson","0.1","MAE"
"13",0.246929063942654,"Pearson","0.1","MAE"
"14",0.252315876307816,"Pearson","0.1","MAE"
"15",0.261384507249432,"Pearson","0.1","MAE"
"16",0.268129725057206,"Pearson","0.1","MAE"
"17",0.248768663453235,"Pearson","0.1","MAE"
"18",0.252289957057489,"Pearson","0.1","MAE"
"19",0.253943699033492,"Pearson","0.1","MAE"
"20",0.251028249511774,"Pearson","0.1","MAE"
"21",0.254574242545074,"Pearson","0.2","MAE"
"22",0.245347527483336,"Pearson","0.2","MAE"
"23",0.241812687032678,"Pearson","0.2","MAE"
"24",0.248985787534743,"Pearson","0.2","MAE"
"25",0.260791171369322,"Pearson","0.2","MAE"
"26",0.269543142856726,"Pearson","0.2","MAE"
"27",0.243322634670779,"Pearson","0.2","MAE"
"28",0.248908153711523,"Pearson","0.2","MAE"
"29",0.248669156279451,"Pearson","0.2","MAE"
"30",0.246560989479744,"Pearson","0.2","MAE"
"31",0.251041671299364,"Pearson","0.3","MAE"
"32",0.243437241366677,"Pearson","0.3","MAE"
"33",0.234661470955839,"Pearson","0.3","MAE"
"34",0.243729307435961,"Pearson","0.3","MAE"
"35",0.258339872871365,"Pearson","0.3","MAE"
"36",0.271006068416838,"Pearson","0.3","MAE"
"37",0.235866887178218,"Pearson","0.3","MAE"
"38",0.244022993859309,"Pearson","0.3","MAE"
"39",0.240673529190288,"Pearson","0.3","MAE"
"40",0.240187610087166,"Pearson","0.3","MAE"
"41",0.245719488597736,"Pearson","0.4","MAE"
"42",0.240631517852212,"Pearson","0.4","MAE"
"43",0.224653970751548,"Pearson","0.4","MAE"
"44",0.235995325228443,"Pearson","0.4","MAE"
"45",0.253608544388729,"Pearson","0.4","MAE"
"46",0.272331346348379,"Pearson","0.4","MAE"
"47",0.226342830261844,"Pearson","0.4","MAE"
"48",0.237696581075712,"Pearson","0.4","MAE"
"49",0.229913463628905,"Pearson","0.4","MAE"
"50",0.231748303734858,"Pearson","0.4","MAE"
"51",0.238904894951576,"Pearson","0.5","MAE"
"52",0.236871158812938,"Pearson","0.5","MAE"
"53",0.2116175566738,"Pearson","0.5","MAE"
"54",0.22530199619946,"Pearson","0.5","MAE"
"55",0.246641862747207,"Pearson","0.5","MAE"
"56",0.273071320320817,"Pearson","0.5","MAE"
"57",0.214683907638325,"Pearson","0.5","MAE"
"58",0.229697074894381,"Pearson","0.5","MAE"
"59",0.216182291750094,"Pearson","0.5","MAE"
"60",0.220876805884339,"Pearson","0.5","MAE"
"61",0.231178103568931,"Pearson","0.6","MAE"
"62",0.231822079545277,"Pearson","0.6","MAE"
"63",0.19575730827445,"Pearson","0.6","MAE"
"64",0.211070946754434,"Pearson","0.6","MAE"
"65",0.236897393246802,"Pearson","0.6","MAE"
"66",0.272153756297702,"Pearson","0.6","MAE"
"67",0.200929264358177,"Pearson","0.6","MAE"
"68",0.219478833390841,"Pearson","0.6","MAE"
"69",0.199555899459798,"Pearson","0.6","MAE"
"70",0.207409246662613,"Pearson","0.6","MAE"
"71",0.222823161291741,"Pearson","0.7","MAE"
"72",0.225050198762302,"Pearson","0.7","MAE"
"73",0.177428993714386,"Pearson","0.7","MAE"
"74",0.192146306890729,"Pearson","0.7","MAE"
"75",0.223999958159046,"Pearson","0.7","MAE"
"76",0.269030209145893,"Pearson","0.7","MAE"
"77",0.18568164377185,"Pearson","0.7","MAE"
"78",0.207189401849806,"Pearson","0.7","MAE"
"79",0.180194939891219,"Pearson","0.7","MAE"
"80",0.190714143360057,"Pearson","0.7","MAE"
"81",0.214223481048488,"Pearson","0.8","MAE"
"82",0.215647123225375,"Pearson","0.8","MAE"
"83",0.15810557168147,"Pearson","0.8","MAE"
"84",0.167225198631891,"Pearson","0.8","MAE"
"85",0.208042995236431,"Pearson","0.8","MAE"
"86",0.263427252712323,"Pearson","0.8","MAE"
"87",0.169491931361427,"Pearson","0.8","MAE"
"88",0.19367370544325,"Pearson","0.8","MAE"
"89",0.158419678139264,"Pearson","0.8","MAE"
"90",0.17037900098158,"Pearson","0.8","MAE"
"91",0.205402130169142,"Pearson","0.9","MAE"
"92",0.202428437409767,"Pearson","0.9","MAE"
"93",0.140277960699963,"Pearson","0.9","MAE"
"94",0.133913683640332,"Pearson","0.9","MAE"
"95",0.190605464916776,"Pearson","0.9","MAE"
"96",0.255448738968844,"Pearson","0.9","MAE"
"97",0.15379881077908,"Pearson","0.9","MAE"
"98",0.181749682464928,"Pearson","0.9","MAE"
"99",0.135416989304096,"Pearson","0.9","MAE"
"100",0.145923622623093,"Pearson","0.9","MAE"
"101",0.199586493297175,"Pearson","1","MAE"
"102",0.18926199990291,"Pearson","1","MAE"
"103",0.130853855220411,"Pearson","1","MAE"
"104",0.0911108137616336,"Pearson","1","MAE"
"105",0.178558847707683,"Pearson","1","MAE"
"106",0.242733250730198,"Pearson","1","MAE"
"107",0.147253862598529,"Pearson","1","MAE"
"108",0.177802374232103,"Pearson","1","MAE"
"109",0.117712368390179,"Pearson","1","MAE"
"110",0.119681003359206,"Pearson","1","MAE"
"111",0.213762136656029,"LW","0","MAE"
"112",0.212958874358832,"LW","0","MAE"
"113",0.213141961512026,"LW","0","MAE"
"114",0.211529356603405,"LW","0","MAE"
"115",0.215750976271816,"LW","0","MAE"
"116",0.224865435767012,"LW","0","MAE"
"117",0.207448026231958,"LW","0","MAE"
"118",0.21633999382654,"LW","0","MAE"
"119",0.21387477200963,"LW","0","MAE"
"120",0.216242529832795,"LW","0","MAE"
"121",0.219904368388702,"LW","0.1","MAE"
"122",0.212104342936338,"LW","0.1","MAE"
"123",0.215648245178133,"LW","0.1","MAE"
"124",0.213847338750518,"LW","0.1","MAE"
"125",0.220527146983748,"LW","0.1","MAE"
"126",0.232062270374454,"LW","0.1","MAE"
"127",0.207017183337236,"LW","0.1","MAE"
"128",0.216464181910118,"LW","0.1","MAE"
"129",0.212603877551304,"LW","0.1","MAE"
"130",0.216157912873763,"LW","0.1","MAE"
"131",0.223837269206988,"LW","0.2","MAE"
"132",0.214465993476522,"LW","0.2","MAE"
"133",0.217255495303757,"LW","0.2","MAE"
"134",0.214141543717755,"LW","0.2","MAE"
"135",0.226776373135042,"LW","0.2","MAE"
"136",0.241578271211857,"LW","0.2","MAE"
"137",0.205427119065761,"LW","0.2","MAE"
"138",0.217536918566162,"LW","0.2","MAE"
"139",0.21270602493724,"LW","0.2","MAE"
"140",0.216316878378627,"LW","0.2","MAE"
"141",0.225889601686303,"LW","0.3","MAE"
"142",0.217348395873053,"LW","0.3","MAE"
"143",0.21555424258115,"LW","0.3","MAE"
"144",0.215110886698797,"LW","0.3","MAE"
"145",0.230710308222163,"LW","0.3","MAE"
"146",0.250136931875704,"LW","0.3","MAE"
"147",0.204596607757033,"LW","0.3","MAE"
"148",0.218291249124876,"LW","0.3","MAE"
"149",0.210815781520577,"LW","0.3","MAE"
"150",0.214317297286065,"LW","0.3","MAE"
"151",0.225820391061502,"LW","0.4","MAE"
"152",0.219870434751528,"LW","0.4","MAE"
"153",0.209886821967899,"LW","0.4","MAE"
"154",0.213138073137188,"LW","0.4","MAE"
"155",0.232088622681559,"LW","0.4","MAE"
"156",0.257058907187759,"LW","0.4","MAE"
"157",0.201769089843393,"LW","0.4","MAE"
"158",0.217613327559972,"LW","0.4","MAE"
"159",0.205834069548589,"LW","0.4","MAE"
"160",0.210374419680633,"LW","0.4","MAE"
"161",0.223956556183526,"LW","0.5","MAE"
"162",0.221175258347528,"LW","0.5","MAE"
"163",0.20058342415864,"LW","0.5","MAE"
"164",0.207769672805494,"LW","0.5","MAE"
"165",0.230482454014779,"LW","0.5","MAE"
"166",0.262108685427121,"LW","0.5","MAE"
"167",0.196185454227022,"LW","0.5","MAE"
"168",0.214610779360718,"LW","0.5","MAE"
"169",0.197606335317556,"LW","0.5","MAE"
"170",0.204069923771701,"LW","0.5","MAE"
"171",0.220505111117958,"LW","0.6","MAE"
"172",0.220682575278328,"LW","0.6","MAE"
"173",0.187746995124809,"LW","0.6","MAE"
"174",0.198257646858088,"LW","0.6","MAE"
"175",0.225419321727402,"LW","0.6","MAE"
"176",0.264685321749867,"LW","0.6","MAE"
"177",0.187892220283797,"LW","0.6","MAE"
"178",0.208850066618008,"LW","0.6","MAE"
"179",0.186032587837093,"LW","0.6","MAE"
"180",0.194917011932552,"LW","0.6","MAE"
"181",0.215861180503474,"LW","0.7","MAE"
"182",0.217787208280823,"LW","0.7","MAE"
"183",0.171997600047006,"LW","0.7","MAE"
"184",0.183557716619202,"LW","0.7","MAE"
"185",0.216609466822799,"LW","0.7","MAE"
"186",0.264223787969543,"LW","0.7","MAE"
"187",0.177132170618806,"LW","0.7","MAE"
"188",0.200422956987927,"LW","0.7","MAE"
"189",0.171077983804382,"LW","0.7","MAE"
"190",0.182235234336899,"LW","0.7","MAE"
"191",0.210243148475868,"LW","0.8","MAE"
"192",0.211490361042913,"LW","0.8","MAE"
"193",0.154805984397707,"LW","0.8","MAE"
"194",0.162215161690043,"LW","0.8","MAE"
"195",0.203978737113151,"LW","0.8","MAE"
"196",0.260741884612249,"LW","0.8","MAE"
"197",0.164715245047093,"LW","0.8","MAE"
"198",0.190107054769762,"LW","0.8","MAE"
"199",0.153128936591773,"LW","0.8","MAE"
"200",0.165413768810999,"LW","0.8","MAE"
"201",0.203682910556106,"LW","0.9","MAE"
"202",0.20067065402734,"LW","0.9","MAE"
"203",0.138855783316066,"LW","0.9","MAE"
"204",0.131859880183032,"LW","0.9","MAE"
"205",0.189026374730144,"LW","0.9","MAE"
"206",0.254326709618998,"LW","0.9","MAE"
"207",0.151994457563916,"LW","0.9","MAE"
"208",0.18040308125167,"LW","0.9","MAE"
"209",0.133268005105834,"LW","0.9","MAE"
"210",0.143938738650124,"LW","0.9","MAE"
"211",0.199443158278964,"LW","1","MAE"
"212",0.189162282893414,"LW","1","MAE"
"213",0.130725427716752,"LW","1","MAE"
"214",0.0909950378900073,"LW","1","MAE"
"215",0.178439496118434,"LW","1","MAE"
"216",0.24263432946488,"LW","1","MAE"
"217",0.147112613181013,"LW","1","MAE"
"218",0.177704186643934,"LW","1","MAE"
"219",0.11757153184648,"LW","1","MAE"
"220",0.119541089841806,"LW","1","MAE"
"221",0.120158773975389,"Sparse","0","MAE"
"222",0.120000860972098,"Sparse","0","MAE"
"223",0.105771341437624,"Sparse","0","MAE"
"224",0.120347454931685,"Sparse","0","MAE"
"225",0.120438205619275,"Sparse","0","MAE"
"226",0.120637135908016,"Sparse","0","MAE"
"227",0.12068377653481,"Sparse","0","MAE"
"228",0.120349755468107,"Sparse","0","MAE"
"229",0.120690194353489,"Sparse","0","MAE"
"230",0.12068377653481,"Sparse","0","MAE"
"231",0.140561955007344,"Sparse","0.1","MAE"
"232",0.140775660271814,"Sparse","0.1","MAE"
"233",0.128004921386274,"Sparse","0.1","MAE"
"234",0.140685709733612,"Sparse","0.1","MAE"
"235",0.140904807313012,"Sparse","0.1","MAE"
"236",0.139378028621886,"Sparse","0.1","MAE"
"237",0.141310783496714,"Sparse","0.1","MAE"
"238",0.139905714671804,"Sparse","0.1","MAE"
"239",0.141295325030141,"Sparse","0.1","MAE"
"240",0.141310783496714,"Sparse","0.1","MAE"
"241",0.147964479175828,"Sparse","0.2","MAE"
"242",0.161382065934975,"Sparse","0.2","MAE"
"243",0.121005426079661,"Sparse","0.2","MAE"
"244",0.137707359615578,"Sparse","0.2","MAE"
"245",0.161288419395125,"Sparse","0.2","MAE"
"246",0.159847985868015,"Sparse","0.2","MAE"
"247",0.16135913931348,"Sparse","0.2","MAE"
"248",0.13440216832617,"Sparse","0.2","MAE"
"249",0.161848533642388,"Sparse","0.2","MAE"
"250",0.161937790458618,"Sparse","0.2","MAE"
"251",0.166681928856098,"Sparse","0.3","MAE"
"252",0.163357126507141,"Sparse","0.3","MAE"
"253",0.134604663490125,"Sparse","0.3","MAE"
"254",0.156416472292302,"Sparse","0.3","MAE"
"255",0.181387974720697,"Sparse","0.3","MAE"
"256",0.178983267970236,"Sparse","0.3","MAE"
"257",0.166761638146051,"Sparse","0.3","MAE"
"258",0.154253683735045,"Sparse","0.3","MAE"
"259",0.174827326968174,"Sparse","0.3","MAE"
"260",0.182564797420521,"Sparse","0.3","MAE"
"261",0.17270705030238,"Sparse","0.4","MAE"
"262",0.181430696601484,"Sparse","0.4","MAE"
"263",0.149234296585466,"Sparse","0.4","MAE"
"264",0.174748049932252,"Sparse","0.4","MAE"
"265",0.192291683930848,"Sparse","0.4","MAE"
"266",0.198620730322026,"Sparse","0.4","MAE"
"267",0.186225336418135,"Sparse","0.4","MAE"
"268",0.159780405847282,"Sparse","0.4","MAE"
"269",0.190448367721645,"Sparse","0.4","MAE"
"270",0.159899895126388,"Sparse","0.4","MAE"
"271",0.192031971964486,"Sparse","0.5","MAE"
"272",0.198015072211818,"Sparse","0.5","MAE"
"273",0.153878056189393,"Sparse","0.5","MAE"
"274",0.170715827576409,"Sparse","0.5","MAE"
"275",0.210500962890792,"Sparse","0.5","MAE"
"276",0.216675324528344,"Sparse","0.5","MAE"
"277",0.175999139748833,"Sparse","0.5","MAE"
"278",0.176430407845868,"Sparse","0.5","MAE"
"279",0.179496651554891,"Sparse","0.5","MAE"
"280",0.175608279029091,"Sparse","0.5","MAE"
"281",0.212723983058612,"Sparse","0.6","MAE"
"282",0.198915278197789,"Sparse","0.6","MAE"
"283",0.161693510256989,"Sparse","0.6","MAE"
"284",0.179814727550016,"Sparse","0.6","MAE"
"285",0.21772285188778,"Sparse","0.6","MAE"
"286",0.23334260469339,"Sparse","0.6","MAE"
"287",0.191781647612669,"Sparse","0.6","MAE"
"288",0.185374291351521,"Sparse","0.6","MAE"
"289",0.191474592163785,"Sparse","0.6","MAE"
"290",0.175722978193792,"Sparse","0.6","MAE"
"291",0.21282825504684,"Sparse","0.7","MAE"
"292",0.217564041309784,"Sparse","0.7","MAE"
"293",0.159587229394571,"Sparse","0.7","MAE"
"294",0.188088754824454,"Sparse","0.7","MAE"
"295",0.232381349376187,"Sparse","0.7","MAE"
"296",0.242297390534333,"Sparse","0.7","MAE"
"297",0.206327361204402,"Sparse","0.7","MAE"
"298",0.196848302567123,"Sparse","0.7","MAE"
"299",0.201892813097333,"Sparse","0.7","MAE"
"300",0.185458720796339,"Sparse","0.7","MAE"
"301",0.230357014033372,"Sparse","0.8","MAE"
"302",0.229106535069366,"Sparse","0.8","MAE"
"303",0.162072292425425,"Sparse","0.8","MAE"
"304",0.175378071595943,"Sparse","0.8","MAE"
"305",0.24546364588931,"Sparse","0.8","MAE"
"306",0.255464601889037,"Sparse","0.8","MAE"
"307",0.189824267159943,"Sparse","0.8","MAE"
"308",0.191460054817041,"Sparse","0.8","MAE"
"309",0.175379219337018,"Sparse","0.8","MAE"
"310",0.173450588597893,"Sparse","0.8","MAE"
"311",0.222536971512998,"Sparse","0.9","MAE"
"312",0.224948646201782,"Sparse","0.9","MAE"
"313",0.141644240631812,"Sparse","0.9","MAE"
"314",0.175626108313877,"Sparse","0.9","MAE"
"315",0.238296720141147,"Sparse","0.9","MAE"
"316",0.256958537640595,"Sparse","0.9","MAE"
"317",0.17425841812798,"Sparse","0.9","MAE"
"318",0.20675974616589,"Sparse","0.9","MAE"
"319",0.179566388021397,"Sparse","0.9","MAE"
"320",0.155668976936114,"Sparse","0.9","MAE"
"321",0.202517959379496,"Sparse","1","MAE"
"322",0.194814387506769,"Sparse","1","MAE"
"323",0.136377958342363,"Sparse","1","MAE"
"324",0.100006207603333,"Sparse","1","MAE"
"325",0.187694170395468,"Sparse","1","MAE"
"326",0.243705651058587,"Sparse","1","MAE"
"327",0.150478752861033,"Sparse","1","MAE"
"328",0.181728049700159,"Sparse","1","MAE"
"329",0.124213880922537,"Sparse","1","MAE"
"330",0.125665183207521,"Sparse","1","MAE"
"331",0.117490694383007,"FM","0","MAE"
"332",0.112264179622351,"FM","0","MAE"
"333",0.115591078611654,"FM","0","MAE"
"334",0.114666445319682,"FM","0","MAE"
"335",0.122103337049796,"FM","0","MAE"
"336",0.125099984014319,"FM","0","MAE"
"337",0.116147824877247,"FM","0","MAE"
"338",0.116676780713748,"FM","0","MAE"
"339",0.11820513843667,"FM","0","MAE"
"340",0.11648940537403,"FM","0","MAE"
"341",0.131503962382289,"FM","0.1","MAE"
"342",0.124108952823226,"FM","0.1","MAE"
"343",0.125516436435232,"FM","0.1","MAE"
"344",0.126971809140678,"FM","0.1","MAE"
"345",0.137165632799895,"FM","0.1","MAE"
"346",0.142076502757544,"FM","0.1","MAE"
"347",0.127873348994126,"FM","0.1","MAE"
"348",0.128754538179358,"FM","0.1","MAE"
"349",0.131406650273041,"FM","0.1","MAE"
"350",0.127219453120351,"FM","0.1","MAE"
"351",0.147987172478313,"FM","0.2","MAE"
"352",0.139656342838031,"FM","0.2","MAE"
"353",0.136741663911269,"FM","0.2","MAE"
"354",0.142270514439464,"FM","0.2","MAE"
"355",0.155535497409466,"FM","0.2","MAE"
"356",0.162959134213943,"FM","0.2","MAE"
"357",0.142647216733483,"FM","0.2","MAE"
"358",0.1433396926661,"FM","0.2","MAE"
"359",0.147651982536655,"FM","0.2","MAE"
"360",0.141402995517874,"FM","0.2","MAE"
"361",0.164206863163522,"FM","0.3","MAE"
"362",0.156147007779474,"FM","0.3","MAE"
"363",0.146824377316674,"FM","0.3","MAE"
"364",0.157640988341253,"FM","0.3","MAE"
"365",0.174155513593186,"FM","0.3","MAE"
"366",0.182869371166668,"FM","0.3","MAE"
"367",0.157616704718347,"FM","0.3","MAE"
"368",0.157564086553974,"FM","0.3","MAE"
"369",0.163714541631775,"FM","0.3","MAE"
"370",0.156392285527572,"FM","0.3","MAE"
"371",0.178482957782816,"FM","0.4","MAE"
"372",0.171938345193756,"FM","0.4","MAE"
"373",0.154648075270483,"FM","0.4","MAE"
"374",0.171231167278663,"FM","0.4","MAE"
"375",0.191339295738461,"FM","0.4","MAE"
"376",0.199747677563672,"FM","0.4","MAE"
"377",0.170811011277851,"FM","0.4","MAE"
"378",0.169474428755036,"FM","0.4","MAE"
"379",0.177416963043297,"FM","0.4","MAE"
"380",0.169940282609498,"FM","0.4","MAE"
"381",0.190150684266094,"FM","0.5","MAE"
"382",0.185909732357664,"FM","0.5","MAE"
"383",0.159999868256814,"FM","0.5","MAE"
"384",0.181674566896148,"FM","0.5","MAE"
"385",0.205777960368605,"FM","0.5","MAE"
"386",0.213417726670995,"FM","0.5","MAE"
"387",0.181062307941829,"FM","0.5","MAE"
"388",0.178300932270268,"FM","0.5","MAE"
"389",0.187190013999878,"FM","0.5","MAE"
"390",0.180499272403813,"FM","0.5","MAE"
"391",0.199541435946738,"FM","0.6","MAE"
"392",0.197704506382698,"FM","0.6","MAE"
"393",0.163204813790274,"FM","0.6","MAE"
"394",0.188220415850318,"FM","0.6","MAE"
"395",0.216669761577574,"FM","0.6","MAE"
"396",0.224405718806833,"FM","0.6","MAE"
"397",0.187796263970121,"FM","0.6","MAE"
"398",0.183859987053382,"FM","0.6","MAE"
"399",0.192031971392374,"FM","0.6","MAE"
"400",0.186961475474681,"FM","0.6","MAE"
"401",0.207407311528044,"FM","0.7","MAE"
"402",0.207109155360489,"FM","0.7","MAE"
"403",0.16507330757315,"FM","0.7","MAE"
"404",0.190351550869363,"FM","0.7","MAE"
"405",0.223715495416826,"FM","0.7","MAE"
"406",0.233770751097508,"FM","0.7","MAE"
"407",0.190943441517312,"FM","0.7","MAE"
"408",0.186716268246498,"FM","0.7","MAE"
"409",0.191546179068922,"FM","0.7","MAE"
"410",0.188479124631917,"FM","0.7","MAE"
"411",0.21440988681756,"FM","0.8","MAE"
"412",0.213910993646184,"FM","0.8","MAE"
"413",0.167683562663136,"FM","0.8","MAE"
"414",0.187340496887163,"FM","0.8","MAE"
"415",0.227053246829864,"FM","0.8","MAE"
"416",0.24270408899846,"FM","0.8","MAE"
"417",0.19091820046291,"FM","0.8","MAE"
"418",0.18858555158472,"FM","0.8","MAE"
"419",0.185883256838588,"FM","0.8","MAE"
"420",0.184401268993473,"FM","0.8","MAE"
"421",0.22071754914077,"FM","0.9","MAE"
"422",0.217284340463146,"FM","0.9","MAE"
"423",0.172235204984227,"FM","0.9","MAE"
"424",0.177870046032108,"FM","0.9","MAE"
"425",0.227899312517935,"FM","0.9","MAE"
"426",0.251205334889023,"FM","0.9","MAE"
"427",0.189070683994619,"FM","0.9","MAE"
"428",0.192790503837371,"FM","0.9","MAE"
"429",0.176139129372008,"FM","0.9","MAE"
"430",0.174356563501049,"FM","0.9","MAE"
"431",0.228655153174199,"FM","1","MAE"
"432",0.219744934442183,"FM","1","MAE"
"433",0.182370894354357,"FM","1","MAE"
"434",0.161906160726738,"FM","1","MAE"
"435",0.230581282479929,"FM","1","MAE"
"436",0.257082727070892,"FM","1","MAE"
"437",0.19252051678148,"FM","1","MAE"
"438",0.20323253084109,"FM","1","MAE"
"439",0.167435654541712,"FM","1","MAE"
"440",0.160318377482991,"FM","1","MAE"
"441",0.0485943189136226,"BestWSCE","0","MAE"
"442",0.0203552989087588,"BestWSCE","0","MAE"
"443",0.00336514949539702,"BestWSCE","0","MAE"
"444",0.0477412619052366,"BestWSCE","0","MAE"
"445",0.0476174844680416,"BestWSCE","0","MAE"
"446",0.0902730087811377,"BestWSCE","0","MAE"
"447",0.0509606407072716,"BestWSCE","0","MAE"
"448",0.0265480498722501,"BestWSCE","0","MAE"
"449",0.0706901416031675,"BestWSCE","0","MAE"
"450",0.031558768189443,"BestWSCE","0","MAE"
"451",0.0564128918878288,"BestWSCE","0.1","MAE"
"452",0.051865525198128,"BestWSCE","0.1","MAE"
"453",0.0411109118816455,"BestWSCE","0.1","MAE"
"454",0.0531766759826468,"BestWSCE","0.1","MAE"
"455",0.0548733443208167,"BestWSCE","0.1","MAE"
"456",0.104603471659002,"BestWSCE","0.1","MAE"
"457",0.0577137638020488,"BestWSCE","0.1","MAE"
"458",0.036854786744118,"BestWSCE","0.1","MAE"
"459",0.0816524649741081,"BestWSCE","0.1","MAE"
"460",0.0377179810867977,"BestWSCE","0.1","MAE"
"461",0.0728869148817891,"BestWSCE","0.2","MAE"
"462",0.0966545254191099,"BestWSCE","0.2","MAE"
"463",0.0827030502904519,"BestWSCE","0.2","MAE"
"464",0.0697308936010492,"BestWSCE","0.2","MAE"
"465",0.0683403796336916,"BestWSCE","0.2","MAE"
"466",0.119174111335142,"BestWSCE","0.2","MAE"
"467",0.0717193886930328,"BestWSCE","0.2","MAE"
"468",0.0768384071175733,"BestWSCE","0.2","MAE"
"469",0.0923415755961493,"BestWSCE","0.2","MAE"
"470",0.0757084365613262,"BestWSCE","0.2","MAE"
"471",0.109070233435719,"BestWSCE","0.3","MAE"
"472",0.141204964779134,"BestWSCE","0.3","MAE"
"473",0.124329531108738,"BestWSCE","0.3","MAE"
"474",0.109679984606165,"BestWSCE","0.3","MAE"
"475",0.108364633924839,"BestWSCE","0.3","MAE"
"476",0.133744481556798,"BestWSCE","0.3","MAE"
"477",0.107840178252829,"BestWSCE","0.3","MAE"
"478",0.118272277386923,"BestWSCE","0.3","MAE"
"479",0.103964043109002,"BestWSCE","0.3","MAE"
"480",0.118948789872037,"BestWSCE","0.3","MAE"
"481",0.149912002889996,"BestWSCE","0.4","MAE"
"482",0.185282979219315,"BestWSCE","0.4","MAE"
"483",0.165855909800741,"BestWSCE","0.4","MAE"
"484",0.151671517096912,"BestWSCE","0.4","MAE"
"485",0.149486296325907,"BestWSCE","0.4","MAE"
"486",0.148262741307663,"BestWSCE","0.4","MAE"
"487",0.14960951705863,"BestWSCE","0.4","MAE"
"488",0.160680328966371,"BestWSCE","0.4","MAE"
"489",0.137229872668149,"BestWSCE","0.4","MAE"
"490",0.162548422179607,"BestWSCE","0.4","MAE"
"491",0.191579149935604,"BestWSCE","0.5","MAE"
"492",0.229075727048164,"BestWSCE","0.5","MAE"
"493",0.20731174164366,"BestWSCE","0.5","MAE"
"494",0.193747650415432,"BestWSCE","0.5","MAE"
"495",0.190969407939286,"BestWSCE","0.5","MAE"
"496",0.165356153692734,"BestWSCE","0.5","MAE"
"497",0.19167555157496,"BestWSCE","0.5","MAE"
"498",0.203032246210265,"BestWSCE","0.5","MAE"
"499",0.177285688086355,"BestWSCE","0.5","MAE"
"500",0.206369921784708,"BestWSCE","0.5","MAE"
"501",0.233435875707181,"BestWSCE","0.6","MAE"
"502",0.272482859697329,"BestWSCE","0.6","MAE"
"503",0.248686380580648,"BestWSCE","0.6","MAE"
"504",0.235842625947961,"BestWSCE","0.6","MAE"
"505",0.232563807579737,"BestWSCE","0.6","MAE"
"506",0.202858201666997,"BestWSCE","0.6","MAE"
"507",0.233935326411077,"BestWSCE","0.6","MAE"
"508",0.245231998885378,"BestWSCE","0.6","MAE"
"509",0.21784350475891,"BestWSCE","0.6","MAE"
"510",0.250472141806575,"BestWSCE","0.6","MAE"
"511",0.275462196162316,"BestWSCE","0.7","MAE"
"512",0.31556062161898,"BestWSCE","0.7","MAE"
"513",0.28997947922171,"BestWSCE","0.7","MAE"
"514",0.2779874104248,"BestWSCE","0.7","MAE"
"515",0.274135636916398,"BestWSCE","0.7","MAE"
"516",0.24156328220621,"BestWSCE","0.7","MAE"
"517",0.27631877053743,"BestWSCE","0.7","MAE"
"518",0.287281396312017,"BestWSCE","0.7","MAE"
"519",0.258565322169946,"BestWSCE","0.7","MAE"
"520",0.294784704345271,"BestWSCE","0.7","MAE"
"521",0.317665371943817,"BestWSCE","0.8","MAE"
"522",0.358203467023216,"BestWSCE","0.8","MAE"
"523",0.331337619618417,"BestWSCE","0.8","MAE"
"524",0.320139643761061,"BestWSCE","0.8","MAE"
"525",0.315674008166286,"BestWSCE","0.8","MAE"
"526",0.280509214319589,"BestWSCE","0.8","MAE"
"527",0.318924350868075,"BestWSCE","0.8","MAE"
"528",0.329033816275933,"BestWSCE","0.8","MAE"
"529",0.29942880156597,"BestWSCE","0.8","MAE"
"530",0.339344905307903,"BestWSCE","0.8","MAE"
"531",0.360088865693074,"BestWSCE","0.9","MAE"
"532",0.400236695851503,"BestWSCE","0.9","MAE"
"533",0.373090814316626,"BestWSCE","0.9","MAE"
"534",0.362236826606294,"BestWSCE","0.9","MAE"
"535",0.357144068499171,"BestWSCE","0.9","MAE"
"536",0.319538614595679,"BestWSCE","0.9","MAE"
"537",0.361806705643774,"BestWSCE","0.9","MAE"
"538",0.370049576939909,"BestWSCE","0.9","MAE"
"539",0.340409520184985,"BestWSCE","0.9","MAE"
"540",0.384185061936958,"BestWSCE","0.9","MAE"
"541",0.402377229355907,"BestWSCE","1","MAE"
"542",0.440376745360776,"BestWSCE","1","MAE"
"543",0.416063130319313,"BestWSCE","1","MAE"
"544",0.40361614454015,"BestWSCE","1","MAE"
"545",0.397914007963747,"BestWSCE","1","MAE"
"546",0.358881328836088,"BestWSCE","1","MAE"
"547",0.404814850133251,"BestWSCE","1","MAE"
"548",0.409387541069913,"BestWSCE","1","MAE"
"549",0.381787125421616,"BestWSCE","1","MAE"
"550",0.429576302867614,"BestWSCE","1","MAE"
"551",0.0585929036418267,"hatSigma0","0","MAE"
"552",0.0132443404548713,"hatSigma0","0","MAE"
"553",0.0156123472194258,"hatSigma0","0","MAE"
"554",0.0344833021656148,"hatSigma0","0","MAE"
"555",0.0153065857323467,"hatSigma0","0","MAE"
"556",0.0411004975956877,"hatSigma0","0","MAE"
"557",0.0231163397779892,"hatSigma0","0","MAE"
"558",0.0126729197136321,"hatSigma0","0","MAE"
"559",0.0098553674863255,"hatSigma0","0","MAE"
"560",0.0221182791529382,"hatSigma0","0","MAE"
"561",0.0694636821191217,"hatSigma0","0.1","MAE"
"562",0.0416550925658714,"hatSigma0","0.1","MAE"
"563",0.0402536560544977,"hatSigma0","0.1","MAE"
"564",0.0605335374537203,"hatSigma0","0.1","MAE"
"565",0.0400137502468239,"hatSigma0","0.1","MAE"
"566",0.0708287732909977,"hatSigma0","0.1","MAE"
"567",0.0409580432030188,"hatSigma0","0.1","MAE"
"568",0.0431943113845624,"hatSigma0","0.1","MAE"
"569",0.0502405831242802,"hatSigma0","0.1","MAE"
"570",0.0446167556988829,"hatSigma0","0.1","MAE"
"571",0.0808147207334419,"hatSigma0","0.2","MAE"
"572",0.0881070185313037,"hatSigma0","0.2","MAE"
"573",0.0750566002189534,"hatSigma0","0.2","MAE"
"574",0.109162405575719,"hatSigma0","0.2","MAE"
"575",0.0853736671267474,"hatSigma0","0.2","MAE"
"576",0.0974610153701748,"hatSigma0","0.2","MAE"
"577",0.0885829267460028,"hatSigma0","0.2","MAE"
"578",0.0877968052904863,"hatSigma0","0.2","MAE"
"579",0.0975889363367762,"hatSigma0","0.2","MAE"
"580",0.0979338673977694,"hatSigma0","0.2","MAE"
"581",0.100245141985465,"hatSigma0","0.3","MAE"
"582",0.135287346152922,"hatSigma0","0.3","MAE"
"583",0.110398479623976,"hatSigma0","0.3","MAE"
"584",0.157774190648405,"hatSigma0","0.3","MAE"
"585",0.131044712304112,"hatSigma0","0.3","MAE"
"586",0.122583467915726,"hatSigma0","0.3","MAE"
"587",0.137735814660858,"hatSigma0","0.3","MAE"
"588",0.133821607962995,"hatSigma0","0.3","MAE"
"589",0.144364462739057,"hatSigma0","0.3","MAE"
"590",0.151668539819492,"hatSigma0","0.3","MAE"
"591",0.139354936052675,"hatSigma0","0.4","MAE"
"592",0.182933230545867,"hatSigma0","0.4","MAE"
"593",0.146062600330341,"hatSigma0","0.4","MAE"
"594",0.206264772543255,"hatSigma0","0.4","MAE"
"595",0.17657934965301,"hatSigma0","0.4","MAE"
"596",0.147318318984021,"hatSigma0","0.4","MAE"
"597",0.185983246333904,"hatSigma0","0.4","MAE"
"598",0.179883443597018,"hatSigma0","0.4","MAE"
"599",0.190959387133822,"hatSigma0","0.4","MAE"
"600",0.205418315031136,"hatSigma0","0.4","MAE"
"601",0.178575035356934,"hatSigma0","0.5","MAE"
"602",0.230903866439405,"hatSigma0","0.5","MAE"
"603",0.181792365233244,"hatSigma0","0.5","MAE"
"604",0.254699741888072,"hatSigma0","0.5","MAE"
"605",0.22210094902102,"hatSigma0","0.5","MAE"
"606",0.171406633802696,"hatSigma0","0.5","MAE"
"607",0.234086508467626,"hatSigma0","0.5","MAE"
"608",0.225965495586396,"hatSigma0","0.5","MAE"
"609",0.237303641634421,"hatSigma0","0.5","MAE"
"610",0.259082964078854,"hatSigma0","0.5","MAE"
"611",0.218194623869798,"hatSigma0","0.6","MAE"
"612",0.279132981810794,"hatSigma0","0.6","MAE"
"613",0.217714963889658,"hatSigma0","0.6","MAE"
"614",0.30308166654488,"hatSigma0","0.6","MAE"
"615",0.267583418227643,"hatSigma0","0.6","MAE"
"616",0.197666937139204,"hatSigma0","0.6","MAE"
"617",0.282135414335259,"hatSigma0","0.6","MAE"
"618",0.272024040351063,"hatSigma0","0.6","MAE"
"619",0.283757725160842,"hatSigma0","0.6","MAE"
"620",0.312636738716717,"hatSigma0","0.6","MAE"
"621",0.2578502560602,"hatSigma0","0.7","MAE"
"622",0.327493047837094,"hatSigma0","0.7","MAE"
"623",0.253741278476241,"hatSigma0","0.7","MAE"
"624",0.351458387588564,"hatSigma0","0.7","MAE"
"625",0.313005479787841,"hatSigma0","0.7","MAE"
"626",0.233498550143052,"hatSigma0","0.7","MAE"
"627",0.330077013293407,"hatSigma0","0.7","MAE"
"628",0.318141384878818,"hatSigma0","0.7","MAE"
"629",0.330113208178384,"hatSigma0","0.7","MAE"
"630",0.366185085137897,"hatSigma0","0.7","MAE"
"631",0.297374676348677,"hatSigma0","0.8","MAE"
"632",0.376059690241907,"hatSigma0","0.8","MAE"
"633",0.289902035288316,"hatSigma0","0.8","MAE"
"634",0.399949997655362,"hatSigma0","0.8","MAE"
"635",0.358402531226467,"hatSigma0","0.8","MAE"
"636",0.269639022826642,"hatSigma0","0.8","MAE"
"637",0.377891320164406,"hatSigma0","0.8","MAE"
"638",0.36422653806402,"hatSigma0","0.8","MAE"
"639",0.37649554817057,"hatSigma0","0.8","MAE"
"640",0.419601758236002,"hatSigma0","0.8","MAE"
"641",0.337031977052965,"hatSigma0","0.9","MAE"
"642",0.424739344755772,"hatSigma0","0.9","MAE"
"643",0.326124487756837,"hatSigma0","0.9","MAE"
"644",0.448453858466231,"hatSigma0","0.9","MAE"
"645",0.403746881339961,"hatSigma0","0.9","MAE"
"646",0.30594295485316,"hatSigma0","0.9","MAE"
"647",0.425707577045222,"hatSigma0","0.9","MAE"
"648",0.410360054411968,"hatSigma0","0.9","MAE"
"649",0.42278472670999,"hatSigma0","0.9","MAE"
"650",0.473195613387273,"hatSigma0","0.9","MAE"
"651",0.37660736835155,"hatSigma0","1","MAE"
"652",0.473357191676321,"hatSigma0","1","MAE"
"653",0.362386718094885,"hatSigma0","1","MAE"
"654",0.496969412851106,"hatSigma0","1","MAE"
"655",0.449109264717482,"hatSigma0","1","MAE"
"656",0.342464937176497,"hatSigma0","1","MAE"
"657",0.47349818010748,"hatSigma0","1","MAE"
"658",0.456473202834952,"hatSigma0","1","MAE"
"659",0.469113443959507,"hatSigma0","1","MAE"
"660",0.52677034651381,"hatSigma0","1","MAE"
"661",0.0585929036418267,"hatSigma","0","MAE"
"662",0.0133109875425375,"hatSigma","0","MAE"
"663",0.0156123472194258,"hatSigma","0","MAE"
"664",0.0344833021656148,"hatSigma","0","MAE"
"665",0.0153065857323467,"hatSigma","0","MAE"
"666",0.0411004975956877,"hatSigma","0","MAE"
"667",0.0231163397779892,"hatSigma","0","MAE"
"668",0.0126553315640841,"hatSigma","0","MAE"
"669",0.0098553674863255,"hatSigma","0","MAE"
"670",0.0221182791529382,"hatSigma","0","MAE"
"671",0.0683694923375494,"hatSigma","0.1","MAE"
"672",0.0412804849822466,"hatSigma","0.1","MAE"
"673",0.0392157320369428,"hatSigma","0.1","MAE"
"674",0.0579689534940395,"hatSigma","0.1","MAE"
"675",0.0400137502468239,"hatSigma","0.1","MAE"
"676",0.0708287732909977,"hatSigma","0.1","MAE"
"677",0.0409580432030188,"hatSigma","0.1","MAE"
"678",0.0415504382899868,"hatSigma","0.1","MAE"
"679",0.0502405831242802,"hatSigma","0.1","MAE"
"680",0.0446167556988829,"hatSigma","0.1","MAE"
"681",0.0917841793224793,"hatSigma","0.2","MAE"
"682",0.0832264287198234,"hatSigma","0.2","MAE"
"683",0.0749932935950313,"hatSigma","0.2","MAE"
"684",0.0954591653594869,"hatSigma","0.2","MAE"
"685",0.0834139800720507,"hatSigma","0.2","MAE"
"686",0.105480525530772,"hatSigma","0.2","MAE"
"687",0.0884028806261091,"hatSigma","0.2","MAE"
"688",0.0791478999821333,"hatSigma","0.2","MAE"
"689",0.0896693706413507,"hatSigma","0.2","MAE"
"690",0.0973415718389932,"hatSigma","0.2","MAE"
"691",0.123691175360999,"hatSigma","0.3","MAE"
"692",0.12159640983881,"hatSigma","0.3","MAE"
"693",0.107280843504219,"hatSigma","0.3","MAE"
"694",0.125298484578101,"hatSigma","0.3","MAE"
"695",0.111626976070499,"hatSigma","0.3","MAE"
"696",0.146241922820238,"hatSigma","0.3","MAE"
"697",0.122966796038872,"hatSigma","0.3","MAE"
"698",0.110030250990559,"hatSigma","0.3","MAE"
"699",0.115313872363799,"hatSigma","0.3","MAE"
"700",0.142281265118345,"hatSigma","0.3","MAE"
"701",0.150421824587781,"hatSigma","0.4","MAE"
"702",0.155341332436313,"hatSigma","0.4","MAE"
"703",0.130829299660567,"hatSigma","0.4","MAE"
"704",0.147877837929832,"hatSigma","0.4","MAE"
"705",0.130773158703316,"hatSigma","0.4","MAE"
"706",0.176885089365142,"hatSigma","0.4","MAE"
"707",0.144673803270777,"hatSigma","0.4","MAE"
"708",0.133652278783925,"hatSigma","0.4","MAE"
"709",0.131742148276095,"hatSigma","0.4","MAE"
"710",0.177564070752937,"hatSigma","0.4","MAE"
"711",0.170005196547135,"hatSigma","0.5","MAE"
"712",0.183919671932798,"hatSigma","0.5","MAE"
"713",0.145641355514039,"hatSigma","0.5","MAE"
"714",0.163805689660599,"hatSigma","0.5","MAE"
"715",0.145195400236891,"hatSigma","0.5","MAE"
"716",0.199633497698457,"hatSigma","0.5","MAE"
"717",0.157337880850296,"hatSigma","0.5","MAE"
"718",0.150599261912169,"hatSigma","0.5","MAE"
"719",0.141247920756659,"hatSigma","0.5","MAE"
"720",0.202473458729014,"hatSigma","0.5","MAE"
"721",0.182723703749571,"hatSigma","0.6","MAE"
"722",0.207323506496716,"hatSigma","0.6","MAE"
"723",0.153109653493473,"hatSigma","0.6","MAE"
"724",0.173291591765965,"hatSigma","0.6","MAE"
"725",0.154162903547011,"hatSigma","0.6","MAE"
"726",0.216103861649908,"hatSigma","0.6","MAE"
"727",0.163013830684156,"hatSigma","0.6","MAE"
"728",0.161566252463911,"hatSigma","0.6","MAE"
"729",0.143753735242481,"hatSigma","0.6","MAE"
"730",0.218058536661202,"hatSigma","0.6","MAE"
"731",0.190897970792822,"hatSigma","0.7","MAE"
"732",0.225483799073705,"hatSigma","0.7","MAE"
"733",0.155104788777214,"hatSigma","0.7","MAE"
"734",0.176170430164143,"hatSigma","0.7","MAE"
"735",0.156921899281175,"hatSigma","0.7","MAE"
"736",0.227040934468918,"hatSigma","0.7","MAE"
"737",0.162640752240436,"hatSigma","0.7","MAE"
"738",0.167433727208355,"hatSigma","0.7","MAE"
"739",0.13926223370649,"hatSigma","0.7","MAE"
"740",0.226003307074297,"hatSigma","0.7","MAE"
"741",0.196482537243486,"hatSigma","0.8","MAE"
"742",0.238429078889137,"hatSigma","0.8","MAE"
"743",0.153823211062482,"hatSigma","0.8","MAE"
"744",0.172236326911267,"hatSigma","0.8","MAE"
"745",0.1525951356862,"hatSigma","0.8","MAE"
"746",0.233771044828194,"hatSigma","0.8","MAE"
"747",0.157414030830092,"hatSigma","0.8","MAE"
"748",0.169119271926838,"hatSigma","0.8","MAE"
"749",0.127761907686948,"hatSigma","0.8","MAE"
"750",0.22745046765788,"hatSigma","0.8","MAE"
"751",0.20045516211097,"hatSigma","0.9","MAE"
"752",0.245673917364929,"hatSigma","0.9","MAE"
"753",0.151692280121918,"hatSigma","0.9","MAE"
"754",0.161060988376159,"hatSigma","0.9","MAE"
"755",0.140574890043426,"hatSigma","0.9","MAE"
"756",0.239936085037878,"hatSigma","0.9","MAE"
"757",0.148213918570587,"hatSigma","0.9","MAE"
"758",0.16710574625927,"hatSigma","0.9","MAE"
"759",0.108503350795939,"hatSigma","0.9","MAE"
"760",0.22286028719435,"hatSigma","0.9","MAE"
"761",0.205173813423626,"hatSigma","1","MAE"
"762",0.245911283845698,"hatSigma","1","MAE"
"763",0.154031461514632,"hatSigma","1","MAE"
"764",0.142141749303608,"hatSigma","1","MAE"
"765",0.122242840130507,"hatSigma","1","MAE"
"766",0.245067866786432,"hatSigma","1","MAE"
"767",0.13607533570508,"hatSigma","1","MAE"
"768",0.161858494119408,"hatSigma","1","MAE"
"769",0.0791811247973884,"hatSigma","1","MAE"
"770",0.213391275691457,"hatSigma","1","MAE"
"771",0.125811981663015,"new","0","MAE"
"772",0.125811981663015,"new","0","MAE"
"773",0.125811981663015,"new","0","MAE"
"774",0.125811981663015,"new","0","MAE"
"775",0.125811981663015,"new","0","MAE"
"776",0.125811981663015,"new","0","MAE"
"777",0.125811981663015,"new","0","MAE"
"778",0.125811981663015,"new","0","MAE"
"779",0.125811981663015,"new","0","MAE"
"780",0.125811981663015,"new","0","MAE"
"781",0.146438988624919,"new","0.1","MAE"
"782",0.146438988624919,"new","0.1","MAE"
"783",0.146438988624919,"new","0.1","MAE"
"784",0.146438988624919,"new","0.1","MAE"
"785",0.146438988624919,"new","0.1","MAE"
"786",0.146438988624919,"new","0.1","MAE"
"787",0.146438988624919,"new","0.1","MAE"
"788",0.146438988624919,"new","0.1","MAE"
"789",0.146438988624919,"new","0.1","MAE"
"790",0.146438988624919,"new","0.1","MAE"
"791",0.167065995586823,"new","0.2","MAE"
"792",0.167065995586823,"new","0.2","MAE"
"793",0.167065995586823,"new","0.2","MAE"
"794",0.167065995586823,"new","0.2","MAE"
"795",0.167065995586823,"new","0.2","MAE"
"796",0.167065995586823,"new","0.2","MAE"
"797",0.167065995586823,"new","0.2","MAE"
"798",0.167065995586823,"new","0.2","MAE"
"799",0.167065995586823,"new","0.2","MAE"
"800",0.167065995586823,"new","0.2","MAE"
"801",0.187693002548726,"new","0.3","MAE"
"802",0.187693002548726,"new","0.3","MAE"
"803",0.187693002548726,"new","0.3","MAE"
"804",0.187693002548726,"new","0.3","MAE"
"805",0.187693002548726,"new","0.3","MAE"
"806",0.187693002548726,"new","0.3","MAE"
"807",0.187693002548726,"new","0.3","MAE"
"808",0.187693002548726,"new","0.3","MAE"
"809",0.187693002548726,"new","0.3","MAE"
"810",0.187693002548726,"new","0.3","MAE"
"811",0.20832000951063,"new","0.4","MAE"
"812",0.20832000951063,"new","0.4","MAE"
"813",0.20832000951063,"new","0.4","MAE"
"814",0.20832000951063,"new","0.4","MAE"
"815",0.20832000951063,"new","0.4","MAE"
"816",0.20832000951063,"new","0.4","MAE"
"817",0.20832000951063,"new","0.4","MAE"
"818",0.20832000951063,"new","0.4","MAE"
"819",0.20832000951063,"new","0.4","MAE"
"820",0.20832000951063,"new","0.4","MAE"
"821",0.228947016472534,"new","0.5","MAE"
"822",0.228947016472534,"new","0.5","MAE"
"823",0.228947016472534,"new","0.5","MAE"
"824",0.228947016472534,"new","0.5","MAE"
"825",0.228947016472534,"new","0.5","MAE"
"826",0.228947016472534,"new","0.5","MAE"
"827",0.228947016472534,"new","0.5","MAE"
"828",0.228947016472534,"new","0.5","MAE"
"829",0.228947016472534,"new","0.5","MAE"
"830",0.228947016472534,"new","0.5","MAE"
"831",0.249574023434437,"new","0.6","MAE"
"832",0.249574023434437,"new","0.6","MAE"
"833",0.249574023434437,"new","0.6","MAE"
"834",0.249574023434437,"new","0.6","MAE"
"835",0.249574023434437,"new","0.6","MAE"
"836",0.249574023434437,"new","0.6","MAE"
"837",0.249574023434437,"new","0.6","MAE"
"838",0.249574023434437,"new","0.6","MAE"
"839",0.249574023434437,"new","0.6","MAE"
"840",0.249574023434437,"new","0.6","MAE"
"841",0.270201030396341,"new","0.7","MAE"
"842",0.270201030396341,"new","0.7","MAE"
"843",0.270201030396341,"new","0.7","MAE"
"844",0.270201030396341,"new","0.7","MAE"
"845",0.270201030396341,"new","0.7","MAE"
"846",0.270201030396341,"new","0.7","MAE"
"847",0.270201030396341,"new","0.7","MAE"
"848",0.270201030396341,"new","0.7","MAE"
"849",0.270201030396341,"new","0.7","MAE"
"850",0.270201030396341,"new","0.7","MAE"
"851",0.290828037358244,"new","0.8","MAE"
"852",0.290828037358244,"new","0.8","MAE"
"853",0.290828037358244,"new","0.8","MAE"
"854",0.290828037358244,"new","0.8","MAE"
"855",0.290828037358244,"new","0.8","MAE"
"856",0.290828037358244,"new","0.8","MAE"
"857",0.290828037358244,"new","0.8","MAE"
"858",0.290828037358244,"new","0.8","MAE"
"859",0.290828037358244,"new","0.8","MAE"
"860",0.290828037358244,"new","0.8","MAE"
"861",0.311455044320148,"new","0.9","MAE"
"862",0.311455044320148,"new","0.9","MAE"
"863",0.311455044320148,"new","0.9","MAE"
"864",0.311455044320148,"new","0.9","MAE"
"865",0.311455044320148,"new","0.9","MAE"
"866",0.311455044320148,"new","0.9","MAE"
"867",0.311455044320148,"new","0.9","MAE"
"868",0.311455044320148,"new","0.9","MAE"
"869",0.311455044320148,"new","0.9","MAE"
"870",0.311455044320148,"new","0.9","MAE"
"871",0.332082051282051,"new","1","MAE"
"872",0.332082051282051,"new","1","MAE"
"873",0.332082051282051,"new","1","MAE"
"874",0.332082051282051,"new","1","MAE"
"875",0.332082051282051,"new","1","MAE"
"876",0.332082051282051,"new","1","MAE"
"877",0.332082051282051,"new","1","MAE"
"878",0.332082051282051,"new","1","MAE"
"879",0.332082051282051,"new","1","MAE"
"880",0.332082051282051,"new","1","MAE"
"881",0.314710888748823,"Pearson","0","RMSE"
"882",0.307129948366827,"Pearson","0","RMSE"
"883",0.30722211607843,"Pearson","0","RMSE"
"884",0.313249867159673,"Pearson","0","RMSE"
"885",0.321799165508901,"Pearson","0","RMSE"
"886",0.327517791884524,"Pearson","0","RMSE"
"887",0.311706319973104,"Pearson","0","RMSE"
"888",0.312018089194311,"Pearson","0","RMSE"
"889",0.316278999434796,"Pearson","0","RMSE"
"890",0.312869687211302,"Pearson","0","RMSE"
"891",0.315818631725068,"Pearson","0.1","RMSE"
"892",0.304718558210161,"Pearson","0.1","RMSE"
"893",0.303949582773606,"Pearson","0.1","RMSE"
"894",0.311511900996123,"Pearson","0.1","RMSE"
"895",0.323656952815045,"Pearson","0.1","RMSE"
"896",0.329910229158152,"Pearson","0.1","RMSE"
"897",0.30855930248731,"Pearson","0.1","RMSE"
"898",0.310227371414468,"Pearson","0.1","RMSE"
"899",0.313818907825785,"Pearson","0.1","RMSE"
"900",0.309566612451013,"Pearson","0.1","RMSE"
"901",0.314395246728625,"Pearson","0.2","RMSE"
"902",0.303134443369593,"Pearson","0.2","RMSE"
"903",0.298853907548965,"Pearson","0.2","RMSE"
"904",0.30832850670753,"Pearson","0.2","RMSE"
"905",0.323859146728118,"Pearson","0.2","RMSE"
"906",0.332474982625694,"Pearson","0.2","RMSE"
"907",0.303093189510017,"Pearson","0.2","RMSE"
"908",0.306730029991913,"Pearson","0.2","RMSE"
"909",0.308645574374575,"Pearson","0.2","RMSE"
"910",0.304925523346757,"Pearson","0.2","RMSE"
"911",0.311272132614774,"Pearson","0.3","RMSE"
"912",0.301596904244897,"Pearson","0.3","RMSE"
"913",0.290875543345359,"Pearson","0.3","RMSE"
"914",0.303114929876701,"Pearson","0.3","RMSE"
"915",0.322069720619412,"Pearson","0.3","RMSE"
"916",0.336240804950298,"Pearson","0.3","RMSE"
"917",0.295088721850107,"Pearson","0.3","RMSE"
"918",0.301473888782259,"Pearson","0.3","RMSE"
"919",0.300363249396845,"Pearson","0.3","RMSE"
"920",0.298327448395287,"Pearson","0.3","RMSE"
"921",0.306873671685261,"Pearson","0.4","RMSE"
"922",0.299512446033743,"Pearson","0.4","RMSE"
"923",0.27963096157051,"Pearson","0.4","RMSE"
"924",0.29526316912721,"Pearson","0.4","RMSE"
"925",0.317860414568485,"Pearson","0.4","RMSE"
"926",0.341505400042759,"Pearson","0.4","RMSE"
"927",0.284491038753928,"Pearson","0.4","RMSE"
"928",0.29416156412717,"Pearson","0.4","RMSE"
"929",0.288740046988636,"Pearson","0.4","RMSE"
"930",0.289386899334547,"Pearson","0.4","RMSE"
"931",0.301532737392825,"Pearson","0.5","RMSE"
"932",0.296290175084992,"Pearson","0.5","RMSE"
"933",0.264899031329988,"Pearson","0.5","RMSE"
"934",0.283993341746582,"Pearson","0.5","RMSE"
"935",0.310690679184033,"Pearson","0.5","RMSE"
"936",0.348261789327595,"Pearson","0.5","RMSE"
"937",0.271204079868971,"Pearson","0.5","RMSE"
"938",0.284477844788016,"Pearson","0.5","RMSE"
"939",0.273701836029517,"Pearson","0.5","RMSE"
"940",0.277765264610619,"Pearson","0.5","RMSE"
"941",0.295778173553982,"Pearson","0.6","RMSE"
"942",0.291430538427181,"Pearson","0.6","RMSE"
"943",0.246800970599838,"Pearson","0.6","RMSE"
"944",0.26827361706391,"Pearson","0.6","RMSE"
"945",0.299975970152715,"Pearson","0.6","RMSE"
"946",0.356165869479185,"Pearson","0.6","RMSE"
"947",0.25541712895458,"Pearson","0.6","RMSE"
"948",0.272432841849094,"Pearson","0.6","RMSE"
"949",0.255313379400818,"Pearson","0.6","RMSE"
"950",0.263045161176226,"Pearson","0.6","RMSE"
"951",0.29064165561768,"Pearson","0.7","RMSE"
"952",0.284629970632943,"Pearson","0.7","RMSE"
"953",0.226485322254868,"Pearson","0.7","RMSE"
"954",0.246694074865253,"Pearson","0.7","RMSE"
"955",0.285316787108166,"Pearson","0.7","RMSE"
"956",0.364697479189946,"Pearson","0.7","RMSE"
"957",0.23799879472844,"Pearson","0.7","RMSE"
"958",0.258629337451232,"Pearson","0.7","RMSE"
"959",0.233747790858863,"Pearson","0.7","RMSE"
"960",0.244753542388187,"Pearson","0.7","RMSE"
"961",0.287565744496963,"Pearson","0.8","RMSE"
"962",0.275913306421237,"Pearson","0.8","RMSE"
"963",0.206432010181604,"Pearson","0.8","RMSE"
"964",0.217266400365556,"Pearson","0.8","RMSE"
"965",0.266936937498951,"Pearson","0.8","RMSE"
"966",0.373395279018413,"Pearson","0.8","RMSE"
"967",0.219789246240423,"Pearson","0.8","RMSE"
"968",0.244416056802634,"Pearson","0.8","RMSE"
"969",0.209302393479341,"Pearson","0.8","RMSE"
"970",0.222461959285488,"Pearson","0.8","RMSE"
"971",0.287680082822554,"Pearson","0.9","RMSE"
"972",0.266176089406577,"Pearson","0.9","RMSE"
"973",0.188860606644181,"Pearson","0.9","RMSE"
"974",0.177235017927231,"Pearson","0.9","RMSE"
"975",0.246478882232639,"Pearson","0.9","RMSE"
"976",0.381990761593298,"Pearson","0.9","RMSE"
"977",0.201269848647566,"Pearson","0.9","RMSE"
"978",0.231834955631642,"Pearson","0.9","RMSE"
"979",0.1823548979795,"Pearson","0.9","RMSE"
"980",0.195858897784057,"Pearson","0.9","RMSE"
"981",0.291363712799102,"Pearson","1","RMSE"
"982",0.25836123638827,"Pearson","1","RMSE"
"983",0.175042986917219,"Pearson","1","RMSE"
"984",0.123019922794958,"Pearson","1","RMSE"
"985",0.228233846457166,"Pearson","1","RMSE"
"986",0.390426206822102,"Pearson","1","RMSE"
"987",0.183526216694428,"Pearson","1","RMSE"
"988",0.22310182554503,"Pearson","1","RMSE"
"989",0.153177779153989,"Pearson","1","RMSE"
"990",0.16481960109638,"Pearson","1","RMSE"
"991",0.264390963265595,"LW","0","RMSE"
"992",0.262518484371604,"LW","0","RMSE"
"993",0.26247042610703,"LW","0","RMSE"
"994",0.263830538572223,"LW","0","RMSE"
"995",0.269945689286463,"LW","0","RMSE"
"996",0.278561611384123,"LW","0","RMSE"
"997",0.258383611490706,"LW","0","RMSE"
"998",0.267923787284975,"LW","0","RMSE"
"999",0.265392471677507,"LW","0","RMSE"
"1000",0.269457806214022,"LW","0","RMSE"
"1001",0.271884659628207,"LW","0.1","RMSE"
"1002",0.262276806305723,"LW","0.1","RMSE"
"1003",0.266429112752563,"LW","0.1","RMSE"
"1004",0.266923993307303,"LW","0.1","RMSE"
"1005",0.27598586428957,"LW","0.1","RMSE"
"1006",0.28670425712699,"LW","0.1","RMSE"
"1007",0.25920342005304,"LW","0.1","RMSE"
"1008",0.266663104833562,"LW","0.1","RMSE"
"1009",0.265752424106328,"LW","0.1","RMSE"
"1010",0.268694607135754,"LW","0.1","RMSE"
"1011",0.277513164029402,"LW","0.2","RMSE"
"1012",0.265265861264724,"LW","0.2","RMSE"
"1013",0.268517914243319,"LW","0.2","RMSE"
"1014",0.266354215936576,"LW","0.2","RMSE"
"1015",0.283483156085357,"LW","0.2","RMSE"
"1016",0.299249773525409,"LW","0.2","RMSE"
"1017",0.257266848638634,"LW","0.2","RMSE"
"1018",0.268857512930905,"LW","0.2","RMSE"
"1019",0.267136441466943,"LW","0.2","RMSE"
"1020",0.268462203461887,"LW","0.2","RMSE"
"1021",0.281421168798063,"LW","0.3","RMSE"
"1022",0.269132395901856,"LW","0.3","RMSE"
"1023",0.266695226966558,"LW","0.3","RMSE"
"1024",0.268102116306109,"LW","0.3","RMSE"
"1025",0.288894285331787,"LW","0.3","RMSE"
"1026",0.311990723366144,"LW","0.3","RMSE"
"1027",0.257105194323362,"LW","0.3","RMSE"
"1028",0.270456672918629,"LW","0.3","RMSE"
"1029",0.265840716732079,"LW","0.3","RMSE"
"1030",0.266788557022702,"LW","0.3","RMSE"
"1031",0.283720788007026,"LW","0.4","RMSE"
"1032",0.272847265410302,"LW","0.4","RMSE"
"1033",0.260818265140678,"LW","0.4","RMSE"
"1034",0.266890747333153,"LW","0.4","RMSE"
"1035",0.291427831351186,"LW","0.4","RMSE"
"1036",0.32476173827944,"LW","0.4","RMSE"
"1037",0.254596721413218,"LW","0.4","RMSE"
"1038",0.269731089948552,"LW","0.4","RMSE"
"1039",0.261025334223504,"LW","0.4","RMSE"
"1040",0.263121568041918,"LW","0.4","RMSE"
"1041",0.284580444065403,"LW","0.5","RMSE"
"1042",0.275439536564471,"LW","0.5","RMSE"
"1043",0.2508004363442,"LW","0.5","RMSE"
"1044",0.261851046541317,"LW","0.5","RMSE"
"1045",0.290470365887416,"LW","0.5","RMSE"
"1046",0.337475003447603,"LW","0.5","RMSE"
"1047",0.248751079560017,"LW","0.5","RMSE"
"1048",0.266045766506317,"LW","0.5","RMSE"
"1049",0.252445817852839,"LW","0.5","RMSE"
"1050",0.256939656239844,"LW","0.5","RMSE"
"1051",0.284386615334216,"LW","0.6","RMSE"
"1052",0.276221251354947,"LW","0.6","RMSE"
"1053",0.236886525085589,"LW","0.6","RMSE"
"1054",0.25191636302561,"LW","0.6","RMSE"
"1055",0.285408899687939,"LW","0.6","RMSE"
"1056",0.349813196448355,"LW","0.6","RMSE"
"1057",0.239682414568342,"LW","0.6","RMSE"
"1058",0.2594177111554,"LW","0.6","RMSE"
"1059",0.240069451825892,"LW","0.6","RMSE"
"1060",0.247635426671555,"LW","0.6","RMSE"
"1061",0.283973734276063,"LW","0.7","RMSE"
"1062",0.274715240878978,"LW","0.7","RMSE"
"1063",0.220293109995528,"LW","0.7","RMSE"
"1064",0.235634155503623,"LW","0.7","RMSE"
"1065",0.27582283893557,"LW","0.7","RMSE"
"1066",0.361405912555345,"LW","0.7","RMSE"
"1067",0.228176581784451,"LW","0.7","RMSE"
"1068",0.250426422698544,"LW","0.7","RMSE"
"1069",0.223939043512995,"LW","0.7","RMSE"
"1070",0.23453193289105,"LW","0.7","RMSE"
"1071",0.284503094144968,"LW","0.8","RMSE"
"1072",0.270667829423558,"LW","0.8","RMSE"
"1073",0.203358113183523,"LW","0.8","RMSE"
"1074",0.210934771832732,"LW","0.8","RMSE"
"1075",0.26184485764975,"LW","0.8","RMSE"
"1076",0.372023978870274,"LW","0.8","RMSE"
"1077",0.214828730242892,"LW","0.8","RMSE"
"1078",0.240252869355337,"LW","0.8","RMSE"
"1079",0.204140385790579,"LW","0.8","RMSE"
"1080",0.216915437149224,"LW","0.8","RMSE"
"1081",0.286853953274334,"LW","0.9","RMSE"
"1082",0.264495226531455,"LW","0.9","RMSE"
"1083",0.187953155618203,"LW","0.9","RMSE"
"1084",0.174852241712938,"LW","0.9","RMSE"
"1085",0.24480197335231,"LW","0.9","RMSE"
"1086",0.381644651374428,"LW","0.9","RMSE"
"1087",0.199748014027495,"LW","0.9","RMSE"
"1088",0.230570611078535,"LW","0.9","RMSE"
"1089",0.180678946294202,"LW","0.9","RMSE"
"1090",0.193998559126544,"LW","0.9","RMSE"
"1091",0.291355137049866,"LW","1","RMSE"
"1092",0.258341648636799,"LW","1","RMSE"
"1093",0.175032146167812,"LW","1","RMSE"
"1094",0.122977907094827,"LW","1","RMSE"
"1095",0.228211435222612,"LW","1","RMSE"
"1096",0.390422620399005,"LW","1","RMSE"
"1097",0.18350886172025,"LW","1","RMSE"
"1098",0.223087175151555,"LW","1","RMSE"
"1099",0.153156422723418,"LW","1","RMSE"
"1100",0.164793656218293,"LW","1","RMSE"
"1101",0.124517290933521,"Sparse","0","RMSE"
"1102",0.124369458586525,"Sparse","0","RMSE"
"1103",0.114697095134997,"Sparse","0","RMSE"
"1104",0.124659193660119,"Sparse","0","RMSE"
"1105",0.124800639295112,"Sparse","0","RMSE"
"1106",0.124968200839352,"Sparse","0","RMSE"
"1107",0.124933483484327,"Sparse","0","RMSE"
"1108",0.124693142871835,"Sparse","0","RMSE"
"1109",0.124944333423081,"Sparse","0","RMSE"
"1110",0.124933483484327,"Sparse","0","RMSE"
"1111",0.150948530322079,"Sparse","0.1","RMSE"
"1112",0.151153893741432,"Sparse","0.1","RMSE"
"1113",0.141055455090241,"Sparse","0.1","RMSE"
"1114",0.151059289324273,"Sparse","0.1","RMSE"
"1115",0.151371758794615,"Sparse","0.1","RMSE"
"1116",0.150781776725895,"Sparse","0.1","RMSE"
"1117",0.151636661269503,"Sparse","0.1","RMSE"
"1118",0.150349781711495,"Sparse","0.1","RMSE"
"1119",0.151621182031652,"Sparse","0.1","RMSE"
"1120",0.151636661269503,"Sparse","0.1","RMSE"
"1121",0.174741478877122,"Sparse","0.2","RMSE"
"1122",0.188015899905561,"Sparse","0.2","RMSE"
"1123",0.152011333178255,"Sparse","0.2","RMSE"
"1124",0.16679772488131,"Sparse","0.2","RMSE"
"1125",0.187686195010867,"Sparse","0.2","RMSE"
"1126",0.18322020110291,"Sparse","0.2","RMSE"
"1127",0.187996515894002,"Sparse","0.2","RMSE"
"1128",0.163997618534562,"Sparse","0.2","RMSE"
"1129",0.188525405512819,"Sparse","0.2","RMSE"
"1130",0.188637038918085,"Sparse","0.2","RMSE"
"1131",0.21001055780595,"Sparse","0.3","RMSE"
"1132",0.211720416607075,"Sparse","0.3","RMSE"
"1133",0.17775384904465,"Sparse","0.3","RMSE"
"1134",0.201766381953042,"Sparse","0.3","RMSE"
"1135",0.228887679828233,"Sparse","0.3","RMSE"
"1136",0.214167665894206,"Sparse","0.3","RMSE"
"1137",0.213563997241455,"Sparse","0.3","RMSE"
"1138",0.199880667258752,"Sparse","0.3","RMSE"
"1139",0.220147808417798,"Sparse","0.3","RMSE"
"1140",0.231039264039669,"Sparse","0.3","RMSE"
"1141",0.215845741107694,"Sparse","0.4","RMSE"
"1142",0.251469523928361,"Sparse","0.4","RMSE"
"1143",0.208864188962728,"Sparse","0.4","RMSE"
"1144",0.23906819610499,"Sparse","0.4","RMSE"
"1145",0.244283649281098,"Sparse","0.4","RMSE"
"1146",0.23911369084565,"Sparse","0.4","RMSE"
"1147",0.254396643829424,"Sparse","0.4","RMSE"
"1148",0.207049799422999,"Sparse","0.4","RMSE"
"1149",0.254248830406398,"Sparse","0.4","RMSE"
"1150",0.2248132898028,"Sparse","0.4","RMSE"
"1151",0.239585948238697,"Sparse","0.5","RMSE"
"1152",0.290290014397987,"Sparse","0.5","RMSE"
"1153",0.199382330734487,"Sparse","0.5","RMSE"
"1154",0.230472986204509,"Sparse","0.5","RMSE"
"1155",0.280555737660153,"Sparse","0.5","RMSE"
"1156",0.262962080513284,"Sparse","0.5","RMSE"
"1157",0.229044939452118,"Sparse","0.5","RMSE"
"1158",0.233359207090822,"Sparse","0.5","RMSE"
"1159",0.228900714346807,"Sparse","0.5","RMSE"
"1160",0.259023443183227,"Sparse","0.5","RMSE"
"1161",0.262807261939987,"Sparse","0.6","RMSE"
"1162",0.276404572954348,"Sparse","0.6","RMSE"
"1163",0.213102191325359,"Sparse","0.6","RMSE"
"1164",0.253803757575496,"Sparse","0.6","RMSE"
"1165",0.269913797536748,"Sparse","0.6","RMSE"
"1166",0.28318680616052,"Sparse","0.6","RMSE"
"1167",0.250302185769734,"Sparse","0.6","RMSE"
"1168",0.229009036160899,"Sparse","0.6","RMSE"
"1169",0.246431793753858,"Sparse","0.6","RMSE"
"1170",0.225995239157037,"Sparse","0.6","RMSE"
"1171",0.25671023614967,"Sparse","0.7","RMSE"
"1172",0.307389692228495,"Sparse","0.7","RMSE"
"1173",0.195625786287808,"Sparse","0.7","RMSE"
"1174",0.277211509088828,"Sparse","0.7","RMSE"
"1175",0.290476078062804,"Sparse","0.7","RMSE"
"1176",0.321291811053189,"Sparse","0.7","RMSE"
"1177",0.266684694346443,"Sparse","0.7","RMSE"
"1178",0.238893819477562,"Sparse","0.7","RMSE"
"1179",0.259614146203963,"Sparse","0.7","RMSE"
"1180",0.238336967501014,"Sparse","0.7","RMSE"
"1181",0.271101088371392,"Sparse","0.8","RMSE"
"1182",0.287240535281772,"Sparse","0.8","RMSE"
"1183",0.193518845467946,"Sparse","0.8","RMSE"
"1184",0.233252481848973,"Sparse","0.8","RMSE"
"1185",0.308411042612127,"Sparse","0.8","RMSE"
"1186",0.339172963058296,"Sparse","0.8","RMSE"
"1187",0.213333137483293,"Sparse","0.8","RMSE"
"1188",0.227621730909582,"Sparse","0.8","RMSE"
"1189",0.201421798872973,"Sparse","0.8","RMSE"
"1190",0.204761984251775,"Sparse","0.8","RMSE"
"1191",0.277355334373156,"Sparse","0.9","RMSE"
"1192",0.268752050219119,"Sparse","0.9","RMSE"
"1193",0.179337552587677,"Sparse","0.9","RMSE"
"1194",0.230027616922536,"Sparse","0.9","RMSE"
"1195",0.264870192562786,"Sparse","0.9","RMSE"
"1196",0.368118753084005,"Sparse","0.9","RMSE"
"1197",0.191443376615536,"Sparse","0.9","RMSE"
"1198",0.229621439193508,"Sparse","0.9","RMSE"
"1199",0.195867546660399,"Sparse","0.9","RMSE"
"1200",0.184235461979971,"Sparse","0.9","RMSE"
"1201",0.290610553370108,"Sparse","1","RMSE"
"1202",0.258033457447374,"Sparse","1","RMSE"
"1203",0.173791277182079,"Sparse","1","RMSE"
"1204",0.123222353243174,"Sparse","1","RMSE"
"1205",0.227673848636254,"Sparse","1","RMSE"
"1206",0.389864590718177,"Sparse","1","RMSE"
"1207",0.182573478178222,"Sparse","1","RMSE"
"1208",0.221646156386288,"Sparse","1","RMSE"
"1209",0.152043903872141,"Sparse","1","RMSE"
"1210",0.163363783923323,"Sparse","1","RMSE"
"1211",0.144207550783723,"FM","0","RMSE"
"1212",0.139596717369235,"FM","0","RMSE"
"1213",0.144207931887847,"FM","0","RMSE"
"1214",0.141955553314088,"FM","0","RMSE"
"1215",0.147679854840787,"FM","0","RMSE"
"1216",0.151169829206972,"FM","0","RMSE"
"1217",0.142855939862978,"FM","0","RMSE"
"1218",0.14553855291021,"FM","0","RMSE"
"1219",0.144142647056263,"FM","0","RMSE"
"1220",0.145079980467695,"FM","0","RMSE"
"1221",0.161705242607126,"FM","0.1","RMSE"
"1222",0.154529491111853,"FM","0.1","RMSE"
"1223",0.157048274597384,"FM","0.1","RMSE"
"1224",0.156514725347602,"FM","0.1","RMSE"
"1225",0.164597013513695,"FM","0.1","RMSE"
"1226",0.171007830601923,"FM","0.1","RMSE"
"1227",0.15687768547209,"FM","0.1","RMSE"
"1228",0.160799338047686,"FM","0.1","RMSE"
"1229",0.15894457509129,"FM","0.1","RMSE"
"1230",0.158623181232604,"FM","0.1","RMSE"
"1231",0.183096825747646,"FM","0.2","RMSE"
"1232",0.17485614058191,"FM","0.2","RMSE"
"1233",0.172154729302958,"FM","0.2","RMSE"
"1234",0.176400397858885,"FM","0.2","RMSE"
"1235",0.187769337232442,"FM","0.2","RMSE"
"1236",0.197181601602827,"FM","0.2","RMSE"
"1237",0.175914845720681,"FM","0.2","RMSE"
"1238",0.179692770186936,"FM","0.2","RMSE"
"1239",0.179551725623688,"FM","0.2","RMSE"
"1240",0.177080161607488,"FM","0.2","RMSE"
"1241",0.20365314273824,"FM","0.3","RMSE"
"1242",0.19624411169894,"FM","0.3","RMSE"
"1243",0.18571593822992,"FM","0.3","RMSE"
"1244",0.196998594549184,"FM","0.3","RMSE"
"1245",0.212287258123009,"FM","0.3","RMSE"
"1246",0.222119011252718,"FM","0.3","RMSE"
"1247",0.195250861994512,"FM","0.3","RMSE"
"1248",0.197703989860204,"FM","0.3","RMSE"
"1249",0.200550743577072,"FM","0.3","RMSE"
"1250",0.196184368693558,"FM","0.3","RMSE"
"1251",0.220815959503341,"FM","0.4","RMSE"
"1252",0.216000522602637,"FM","0.4","RMSE"
"1253",0.196033324850744,"FM","0.4","RMSE"
"1254",0.215162705843978,"FM","0.4","RMSE"
"1255",0.234495889108267,"FM","0.4","RMSE"
"1256",0.243924597092988,"FM","0.4","RMSE"
"1257",0.211560827221444,"FM","0.4","RMSE"
"1258",0.212301276792915,"FM","0.4","RMSE"
"1259",0.217921578436055,"FM","0.4","RMSE"
"1260",0.212735322741225,"FM","0.4","RMSE"
"1261",0.233771107270644,"FM","0.5","RMSE"
"1262",0.232621472311811,"FM","0.5","RMSE"
"1263",0.2027207123327,"FM","0.5","RMSE"
"1264",0.22909445650694,"FM","0.5","RMSE"
"1265",0.25229247417016,"FM","0.5","RMSE"
"1266",0.263182618596405,"FM","0.5","RMSE"
"1267",0.222977149910379,"FM","0.5","RMSE"
"1268",0.222407856072585,"FM","0.5","RMSE"
"1269",0.22928352116856,"FM","0.5","RMSE"
"1270",0.224543520134063,"FM","0.5","RMSE"
"1271",0.242765024028421,"FM","0.6","RMSE"
"1272",0.245265166034067,"FM","0.6","RMSE"
"1273",0.206077355956651,"FM","0.6","RMSE"
"1274",0.237790168110629,"FM","0.6","RMSE"
"1275",0.264674738190103,"FM","0.6","RMSE"
"1276",0.280851268256435,"FM","0.6","RMSE"
"1277",0.228726479314075,"FM","0.6","RMSE"
"1278",0.227746460650741,"FM","0.6","RMSE"
"1279",0.233538202229058,"FM","0.6","RMSE"
"1280",0.230170056877789,"FM","0.6","RMSE"
"1281",0.248684602549719,"FM","0.7","RMSE"
"1282",0.253404333349248,"FM","0.7","RMSE"
"1283",0.206832386002831,"FM","0.7","RMSE"
"1284",0.240548671394195,"FM","0.7","RMSE"
"1285",0.271212250237607,"FM","0.7","RMSE"
"1286",0.297580912854495,"FM","0.7","RMSE"
"1287",0.228779890264864,"FM","0.7","RMSE"
"1288",0.228527550167364,"FM","0.7","RMSE"
"1289",0.230439349170823,"FM","0.7","RMSE"
"1290",0.228691556045663,"FM","0.7","RMSE"
"1291",0.252873276343895,"FM","0.8","RMSE"
"1292",0.25667879650972,"FM","0.8","RMSE"
"1293",0.206088004458848,"FM","0.8","RMSE"
"1294",0.236610946400305,"FM","0.8","RMSE"
"1295",0.271696121185275,"FM","0.8","RMSE"
"1296",0.313676829875994,"FM","0.8","RMSE"
"1297",0.223614592913805,"FM","0.8","RMSE"
"1298",0.225437317448202,"FM","0.8","RMSE"
"1299",0.220262309679115,"FM","0.8","RMSE"
"1300",0.219501504599668,"FM","0.8","RMSE"
"1301",0.256978895198477,"FM","0.9","RMSE"
"1302",0.25493927632352,"FM","0.9","RMSE"
"1303",0.205249795202479,"FM","0.9","RMSE"
"1304",0.224895599063482,"FM","0.9","RMSE"
"1305",0.266040668396516,"FM","0.9","RMSE"
"1306",0.329246750739014,"FM","0.9","RMSE"
"1307",0.214058700361171,"FM","0.9","RMSE"
"1308",0.219762563308397,"FM","0.9","RMSE"
"1309",0.203593690637128,"FM","0.9","RMSE"
"1310",0.202159763647698,"FM","0.9","RMSE"
"1311",0.262686648180209,"FM","1","RMSE"
"1312",0.248515683794242,"FM","1","RMSE"
"1313",0.205825431118269,"FM","1","RMSE"
"1314",0.203828246902217,"FM","1","RMSE"
"1315",0.254470680544067,"FM","1","RMSE"
"1316",0.344323627194348,"FM","1","RMSE"
"1317",0.201225441269838,"FM","1","RMSE"
"1318",0.213426046851895,"FM","1","RMSE"
"1319",0.181179258786713,"FM","1","RMSE"
"1320",0.176350168953855,"FM","1","RMSE"
"1321",0.0525015698698626,"BestWSCE","0","RMSE"
"1322",0.0206064122970265,"BestWSCE","0","RMSE"
"1323",0.00857261939770687,"BestWSCE","0","RMSE"
"1324",0.0495129509467143,"BestWSCE","0","RMSE"
"1325",0.0483832051945761,"BestWSCE","0","RMSE"
"1326",0.0906802667091957,"BestWSCE","0","RMSE"
"1327",0.0527224400064418,"BestWSCE","0","RMSE"
"1328",0.029441592013236,"BestWSCE","0","RMSE"
"1329",0.0714745748424539,"BestWSCE","0","RMSE"
"1330",0.0344380334819849,"BestWSCE","0","RMSE"
"1331",0.0745957219435681,"BestWSCE","0.1","RMSE"
"1332",0.0527092777078687,"BestWSCE","0.1","RMSE"
"1333",0.0477976060802654,"BestWSCE","0.1","RMSE"
"1334",0.0713397526795751,"BestWSCE","0.1","RMSE"
"1335",0.0723480852685946,"BestWSCE","0.1","RMSE"
"1336",0.1148318857512,"BestWSCE","0.1","RMSE"
"1337",0.0753305259828188,"BestWSCE","0.1","RMSE"
"1338",0.0566848217046105,"BestWSCE","0.1","RMSE"
"1339",0.0946255414307916,"BestWSCE","0.1","RMSE"
"1340",0.0585997559712813,"BestWSCE","0.1","RMSE"
"1341",0.113049059889806,"BestWSCE","0.2","RMSE"
"1342",0.097162264157856,"BestWSCE","0.2","RMSE"
"1343",0.0942596757241642,"BestWSCE","0.2","RMSE"
"1344",0.110153471967484,"BestWSCE","0.2","RMSE"
"1345",0.111911531799159,"BestWSCE","0.2","RMSE"
"1346",0.151477455533708,"BestWSCE","0.2","RMSE"
"1347",0.113650340483603,"BestWSCE","0.2","RMSE"
"1348",0.0997143628880978,"BestWSCE","0.2","RMSE"
"1349",0.131552467324788,"BestWSCE","0.2","RMSE"
"1350",0.0999052612940484,"BestWSCE","0.2","RMSE"
"1351",0.156149960893341,"BestWSCE","0.3","RMSE"
"1352",0.142842579235382,"BestWSCE","0.3","RMSE"
"1353",0.141041639496116,"BestWSCE","0.3","RMSE"
"1354",0.153464177386085,"BestWSCE","0.3","RMSE"
"1355",0.155687821358991,"BestWSCE","0.3","RMSE"
"1356",0.19353263918709,"BestWSCE","0.3","RMSE"
"1357",0.156504410528546,"BestWSCE","0.3","RMSE"
"1358",0.145017098194669,"BestWSCE","0.3","RMSE"
"1359",0.173645718252202,"BestWSCE","0.3","RMSE"
"1360",0.144272943668049,"BestWSCE","0.3","RMSE"
"1361",0.20087889388932,"BestWSCE","0.4","RMSE"
"1362",0.188704234148116,"BestWSCE","0.4","RMSE"
"1363",0.187925112609646,"BestWSCE","0.4","RMSE"
"1364",0.198327090237812,"BestWSCE","0.4","RMSE"
"1365",0.200778807987916,"BestWSCE","0.4","RMSE"
"1366",0.23811829651401,"BestWSCE","0.4","RMSE"
"1367",0.200956049502629,"BestWSCE","0.4","RMSE"
"1368",0.190965840128333,"BestWSCE","0.4","RMSE"
"1369",0.217836926631702,"BestWSCE","0.4","RMSE"
"1370",0.189589414525072,"BestWSCE","0.4","RMSE"
"1371",0.24622959490278,"BestWSCE","0.5","RMSE"
"1372",0.234695326567656,"BestWSCE","0.5","RMSE"
"1373",0.234861195050077,"BestWSCE","0.5","RMSE"
"1374",0.243850450827234,"BestWSCE","0.5","RMSE"
"1375",0.246520004308525,"BestWSCE","0.5","RMSE"
"1376",0.283983626649663,"BestWSCE","0.5","RMSE"
"1377",0.24609577356679,"BestWSCE","0.5","RMSE"
"1378",0.237220422187915,"BestWSCE","0.5","RMSE"
"1379",0.263030973816468,"BestWSCE","0.5","RMSE"
"1380",0.235279084557032,"BestWSCE","0.5","RMSE"
"1381",0.291975918234049,"BestWSCE","0.6","RMSE"
"1382",0.28072855566015,"BestWSCE","0.6","RMSE"
"1383",0.281844914499598,"BestWSCE","0.6","RMSE"
"1384",0.289753073079093,"BestWSCE","0.6","RMSE"
"1385",0.292583277066782,"BestWSCE","0.6","RMSE"
"1386",0.330579340144204,"BestWSCE","0.6","RMSE"
"1387",0.291585225887083,"BestWSCE","0.6","RMSE"
"1388",0.283690261609041,"BestWSCE","0.6","RMSE"
"1389",0.308749467880038,"BestWSCE","0.6","RMSE"
"1390",0.281142734225575,"BestWSCE","0.6","RMSE"
"1391",0.337890519937835,"BestWSCE","0.7","RMSE"
"1392",0.326809287035526,"BestWSCE","0.7","RMSE"
"1393",0.328901602192213,"BestWSCE","0.7","RMSE"
"1394",0.335854526831841,"BestWSCE","0.7","RMSE"
"1395",0.338916285700466,"BestWSCE","0.7","RMSE"
"1396",0.377634780295607,"BestWSCE","0.7","RMSE"
"1397",0.337302130294945,"BestWSCE","0.7","RMSE"
"1398",0.330296025581435,"BestWSCE","0.7","RMSE"
"1399",0.35470514748289,"BestWSCE","0.7","RMSE"
"1400",0.327132337916522,"BestWSCE","0.7","RMSE"
"1401",0.383877404505872,"BestWSCE","0.8","RMSE"
"1402",0.372912164418723,"BestWSCE","0.8","RMSE"
"1403",0.375894737431896,"BestWSCE","0.8","RMSE"
"1404",0.382108470213009,"BestWSCE","0.8","RMSE"
"1405",0.3854267223863,"BestWSCE","0.8","RMSE"
"1406",0.425018138764596,"BestWSCE","0.8","RMSE"
"1407",0.383074462534508,"BestWSCE","0.8","RMSE"
"1408",0.377071315716921,"BestWSCE","0.8","RMSE"
"1409",0.400839602736383,"BestWSCE","0.8","RMSE"
"1410",0.37320266204007,"BestWSCE","0.8","RMSE"
"1411",0.429939070009574,"BestWSCE","0.9","RMSE"
"1412",0.419028378872379,"BestWSCE","0.9","RMSE"
"1413",0.42273761257166,"BestWSCE","0.9","RMSE"
"1414",0.428520459486245,"BestWSCE","0.9","RMSE"
"1415",0.432089429817873,"BestWSCE","0.9","RMSE"
"1416",0.472570944737869,"BestWSCE","0.9","RMSE"
"1417",0.428833549771344,"BestWSCE","0.9","RMSE"
"1418",0.424224634637561,"BestWSCE","0.9","RMSE"
"1419",0.447082701565926,"BestWSCE","0.9","RMSE"
"1420",0.419341303027506,"BestWSCE","0.9","RMSE"
"1421",0.476238237981606,"BestWSCE","1","RMSE"
"1422",0.465130844967985,"BestWSCE","1","RMSE"
"1423",0.469122412769236,"BestWSCE","1","RMSE"
"1424",0.475462965500362,"BestWSCE","1","RMSE"
"1425",0.479324400222011,"BestWSCE","1","RMSE"
"1426",0.519922701797696,"BestWSCE","1","RMSE"
"1427",0.474721706626434,"BestWSCE","1","RMSE"
"1428",0.472201648153555,"BestWSCE","1","RMSE"
"1429",0.493157020597253,"BestWSCE","1","RMSE"
"1430",0.465520515967748,"BestWSCE","1","RMSE"
"1431",0.0592864308367346,"hatSigma0","0","RMSE"
"1432",0.0138274124849422,"hatSigma0","0","RMSE"
"1433",0.0162222516225867,"hatSigma0","0","RMSE"
"1434",0.0356471512665986,"hatSigma0","0","RMSE"
"1435",0.0163641305820643,"hatSigma0","0","RMSE"
"1436",0.0423154628323882,"hatSigma0","0","RMSE"
"1437",0.0236414255648893,"hatSigma0","0","RMSE"
"1438",0.0181814364287376,"hatSigma0","0","RMSE"
"1439",0.0117942355934578,"hatSigma0","0","RMSE"
"1440",0.025656368874676,"hatSigma0","0","RMSE"
"1441",0.0838794638641499,"hatSigma0","0.1","RMSE"
"1442",0.0474904315304946,"hatSigma0","0.1","RMSE"
"1443",0.0487955267542243,"hatSigma0","0.1","RMSE"
"1444",0.0689013048609788,"hatSigma0","0.1","RMSE"
"1445",0.0480715959638514,"hatSigma0","0.1","RMSE"
"1446",0.0854519496405849,"hatSigma0","0.1","RMSE"
"1447",0.048362908424996,"hatSigma0","0.1","RMSE"
"1448",0.0483856371623647,"hatSigma0","0.1","RMSE"
"1449",0.0513104746338176,"hatSigma0","0.1","RMSE"
"1450",0.0480208083255158,"hatSigma0","0.1","RMSE"
"1451",0.123381960272953,"hatSigma0","0.2","RMSE"
"1452",0.0933598595724252,"hatSigma0","0.2","RMSE"
"1453",0.100457213180003,"hatSigma0","0.2","RMSE"
"1454",0.1139426918613,"hatSigma0","0.2","RMSE"
"1455",0.093258000251164,"hatSigma0","0.2","RMSE"
"1456",0.1351825203772,"hatSigma0","0.2","RMSE"
"1457",0.093351575029545,"hatSigma0","0.2","RMSE"
"1458",0.0936649794221991,"hatSigma0","0.2","RMSE"
"1459",0.0982778813456862,"hatSigma0","0.2","RMSE"
"1460",0.0987772930916601,"hatSigma0","0.2","RMSE"
"1461",0.167669086109099,"hatSigma0","0.3","RMSE"
"1462",0.1402966617766,"hatSigma0","0.3","RMSE"
"1463",0.152671955348662,"hatSigma0","0.3","RMSE"
"1464",0.160981242978645,"hatSigma0","0.3","RMSE"
"1465",0.139607606891804,"hatSigma0","0.3","RMSE"
"1466",0.186039654131663,"hatSigma0","0.3","RMSE"
"1467",0.141022539614288,"hatSigma0","0.3","RMSE"
"1468",0.140098195631441,"hatSigma0","0.3","RMSE"
"1469",0.145281547348796,"hatSigma0","0.3","RMSE"
"1470",0.152758843061635,"hatSigma0","0.3","RMSE"
"1471",0.213832771839642,"hatSigma0","0.4","RMSE"
"1472",0.187763125479381,"hatSigma0","0.4","RMSE"
"1473",0.204800271741624,"hatSigma0","0.4","RMSE"
"1474",0.208649138439028,"hatSigma0","0.4","RMSE"
"1475",0.186129712232156,"hatSigma0","0.4","RMSE"
"1476",0.23715555855447,"hatSigma0","0.4","RMSE"
"1477",0.189062198186899,"hatSigma0","0.4","RMSE"
"1478",0.186841873592369,"hatSigma0","0.4","RMSE"
"1479",0.19234111752323,"hatSigma0","0.4","RMSE"
"1480",0.207479524997119,"hatSigma0","0.4","RMSE"
"1481",0.261215211991587,"hatSigma0","0.5","RMSE"
"1482",0.235583466678583,"hatSigma0","0.5","RMSE"
"1483",0.25691631672142,"hatSigma0","0.5","RMSE"
"1484",0.256619429709432,"hatSigma0","0.5","RMSE"
"1485",0.232781385228605,"hatSigma0","0.5","RMSE"
"1486",0.288339721593275,"hatSigma0","0.5","RMSE"
"1487",0.237189521722311,"hatSigma0","0.5","RMSE"
"1488",0.233712548992781,"hatSigma0","0.5","RMSE"
"1489",0.2393207576267,"hatSigma0","0.5","RMSE"
"1490",0.262351331612565,"hatSigma0","0.5","RMSE"
"1491",0.308199024581803,"hatSigma0","0.6","RMSE"
"1492",0.283675409661347,"hatSigma0","0.6","RMSE"
"1493",0.308812349191213,"hatSigma0","0.6","RMSE"
"1494",0.304727280490432,"hatSigma0","0.6","RMSE"
"1495",0.279489216421957,"hatSigma0","0.6","RMSE"
"1496",0.339509421923533,"hatSigma0","0.6","RMSE"
"1497",0.285357463030151,"hatSigma0","0.6","RMSE"
"1498",0.280628717297454,"hatSigma0","0.6","RMSE"
"1499",0.28643748199498,"hatSigma0","0.6","RMSE"
"1500",0.317194517334279,"hatSigma0","0.6","RMSE"
"1501",0.355462423779755,"hatSigma0","0.7","RMSE"
"1502",0.331946310711333,"hatSigma0","0.7","RMSE"
"1503",0.360577801297864,"hatSigma0","0.7","RMSE"
"1504",0.352954665826667,"hatSigma0","0.7","RMSE"
"1505",0.32621849074938,"hatSigma0","0.7","RMSE"
"1506",0.390630191151619,"hatSigma0","0.7","RMSE"
"1507",0.333494000440845,"hatSigma0","0.7","RMSE"
"1508",0.32761165145507,"hatSigma0","0.7","RMSE"
"1509",0.333524096013679,"hatSigma0","0.7","RMSE"
"1510",0.372083435454216,"hatSigma0","0.7","RMSE"
"1511",0.40309250201882,"hatSigma0","0.8","RMSE"
"1512",0.380404454275204,"hatSigma0","0.8","RMSE"
"1513",0.412191052794711,"hatSigma0","0.8","RMSE"
"1514",0.401389159729631,"hatSigma0","0.8","RMSE"
"1515",0.372959015448163,"hatSigma0","0.8","RMSE"
"1516",0.441677148585196,"hatSigma0","0.8","RMSE"
"1517",0.381564206854483,"hatSigma0","0.8","RMSE"
"1518",0.37460309706523,"hatSigma0","0.8","RMSE"
"1519",0.380651906199596,"hatSigma0","0.8","RMSE"
"1520",0.426832326518415,"hatSigma0","0.8","RMSE"
"1521",0.450705235472301,"hatSigma0","0.9","RMSE"
"1522",0.428998524601244,"hatSigma0","0.9","RMSE"
"1523",0.463770934489423,"hatSigma0","0.9","RMSE"
"1524",0.44986787688002,"hatSigma0","0.9","RMSE"
"1525",0.419688630912443,"hatSigma0","0.9","RMSE"
"1526",0.492721343325339,"hatSigma0","0.9","RMSE"
"1527",0.4296297079651,"hatSigma0","0.9","RMSE"
"1528",0.421635471971691,"hatSigma0","0.9","RMSE"
"1529",0.427740065276089,"hatSigma0","0.9","RMSE"
"1530",0.481849546547365,"hatSigma0","0.9","RMSE"
"1531",0.498514716562592,"hatSigma0","1","RMSE"
"1532",0.477601383369164,"hatSigma0","1","RMSE"
"1533",0.515325792795622,"hatSigma0","1","RMSE"
"1534",0.49840955716985,"hatSigma0","1","RMSE"
"1535",0.466449029924274,"hatSigma0","1","RMSE"
"1536",0.543590175495505,"hatSigma0","1","RMSE"
"1537",0.477697495354604,"hatSigma0","1","RMSE"
"1538",0.468685028987815,"hatSigma0","1","RMSE"
"1539",0.47487365782802,"hatSigma0","1","RMSE"
"1540",0.536851135117672,"hatSigma0","1","RMSE"
"1541",0.0592864308367346,"hatSigma","0","RMSE"
"1542",0.0145037141209132,"hatSigma","0","RMSE"
"1543",0.0162222516225867,"hatSigma","0","RMSE"
"1544",0.0356471512665986,"hatSigma","0","RMSE"
"1545",0.0163641305820643,"hatSigma","0","RMSE"
"1546",0.0423154628323882,"hatSigma","0","RMSE"
"1547",0.0236414255648893,"hatSigma","0","RMSE"
"1548",0.0182273943773921,"hatSigma","0","RMSE"
"1549",0.0117942355934578,"hatSigma","0","RMSE"
"1550",0.025656368874676,"hatSigma","0","RMSE"
"1551",0.0832779984103443,"hatSigma","0.1","RMSE"
"1552",0.0488699974351525,"hatSigma","0.1","RMSE"
"1553",0.0480194017698937,"hatSigma","0.1","RMSE"
"1554",0.0663434269963518,"hatSigma","0.1","RMSE"
"1555",0.0480715959638514,"hatSigma","0.1","RMSE"
"1556",0.0854519496405849,"hatSigma","0.1","RMSE"
"1557",0.048362908424996,"hatSigma","0.1","RMSE"
"1558",0.0479227839437728,"hatSigma","0.1","RMSE"
"1559",0.0513104746338176,"hatSigma","0.1","RMSE"
"1560",0.0480208083255158,"hatSigma","0.1","RMSE"
"1561",0.119680368656182,"hatSigma","0.2","RMSE"
"1562",0.0940632626728885,"hatSigma","0.2","RMSE"
"1563",0.0949478704242726,"hatSigma","0.2","RMSE"
"1564",0.105767463079822,"hatSigma","0.2","RMSE"
"1565",0.0919776818260516,"hatSigma","0.2","RMSE"
"1566",0.130465267069824,"hatSigma","0.2","RMSE"
"1567",0.0931892715823254,"hatSigma","0.2","RMSE"
"1568",0.0894808099599205,"hatSigma","0.2","RMSE"
"1569",0.0926710520437699,"hatSigma","0.2","RMSE"
"1570",0.0982170024199593,"hatSigma","0.2","RMSE"
"1571",0.155004141228087,"hatSigma","0.3","RMSE"
"1572",0.137195553861609,"hatSigma","0.3","RMSE"
"1573",0.134207579214506,"hatSigma","0.3","RMSE"
"1574",0.141844886486534,"hatSigma","0.3","RMSE"
"1575",0.128504455646247,"hatSigma","0.3","RMSE"
"1576",0.173471405846883,"hatSigma","0.3","RMSE"
"1577",0.130398958884123,"hatSigma","0.3","RMSE"
"1578",0.126761718325765,"hatSigma","0.3","RMSE"
"1579",0.127022499460986,"hatSigma","0.3","RMSE"
"1580",0.145220370043856,"hatSigma","0.3","RMSE"
"1581",0.184350393027025,"hatSigma","0.4","RMSE"
"1582",0.17571873790134,"hatSigma","0.4","RMSE"
"1583",0.163049517750405,"hatSigma","0.4","RMSE"
"1584",0.171697117296118,"hatSigma","0.4","RMSE"
"1585",0.158013238522485,"hatSigma","0.4","RMSE"
"1586",0.212178153029121,"hatSigma","0.4","RMSE"
"1587",0.160268149646375,"hatSigma","0.4","RMSE"
"1588",0.157215004671811,"hatSigma","0.4","RMSE"
"1589",0.152646763320774,"hatSigma","0.4","RMSE"
"1590",0.185913187318601,"hatSigma","0.4","RMSE"
"1591",0.206602486681225,"hatSigma","0.5","RMSE"
"1592",0.208663030548778,"hatSigma","0.5","RMSE"
"1593",0.181032603528367,"hatSigma","0.5","RMSE"
"1594",0.193966687509172,"hatSigma","0.5","RMSE"
"1595",0.17906057430826,"hatSigma","0.5","RMSE"
"1596",0.24674181133083,"hatSigma","0.5","RMSE"
"1597",0.180535007857447,"hatSigma","0.5","RMSE"
"1598",0.179690832751346,"hatSigma","0.5","RMSE"
"1599",0.168013081433847,"hatSigma","0.5","RMSE"
"1600",0.218075282363135,"hatSigma","0.5","RMSE"
"1601",0.221467168277678,"hatSigma","0.6","RMSE"
"1602",0.23525795865437,"hatSigma","0.6","RMSE"
"1603",0.188797272311089,"hatSigma","0.6","RMSE"
"1604",0.20775233515803,"hatSigma","0.6","RMSE"
"1605",0.190788459148348,"hatSigma","0.6","RMSE"
"1606",0.277372982088486,"hatSigma","0.6","RMSE"
"1607",0.190811207152384,"hatSigma","0.6","RMSE"
"1608",0.193959416598287,"hatSigma","0.6","RMSE"
"1609",0.172696540601026,"hatSigma","0.6","RMSE"
"1610",0.240728515325771,"hatSigma","0.6","RMSE"
"1611",0.231466667852054,"hatSigma","0.7","RMSE"
"1612",0.255336124971877,"hatSigma","0.7","RMSE"
"1613",0.188413079852294,"hatSigma","0.7","RMSE"
"1614",0.212204300466869,"hatSigma","0.7","RMSE"
"1615",0.192574993376471,"hatSigma","0.7","RMSE"
"1616",0.304119800831956,"hatSigma","0.7","RMSE"
"1617",0.192041668625806,"hatSigma","0.7","RMSE"
"1618",0.200634832938934,"hatSigma","0.7","RMSE"
"1619",0.167096779119276,"hatSigma","0.7","RMSE"
"1620",0.253861742572486,"hatSigma","0.7","RMSE"
"1621",0.239196161013371,"hatSigma","0.8","RMSE"
"1622",0.269235583980216,"hatSigma","0.8","RMSE"
"1623",0.183290479616957,"hatSigma","0.8","RMSE"
"1624",0.206400557255003,"hatSigma","0.8","RMSE"
"1625",0.18387329999752,"hatSigma","0.8","RMSE"
"1626",0.326675488273173,"hatSigma","0.8","RMSE"
"1627",0.185965534752441,"hatSigma","0.8","RMSE"
"1628",0.201331791133542,"hatSigma","0.8","RMSE"
"1629",0.151806548034403,"hatSigma","0.8","RMSE"
"1630",0.25794702374641,"hatSigma","0.8","RMSE"
"1631",0.246921852196433,"hatSigma","0.9","RMSE"
"1632",0.27782179380952,"hatSigma","0.9","RMSE"
"1633",0.176832567263567,"hatSigma","0.9","RMSE"
"1634",0.189627739764342,"hatSigma","0.9","RMSE"
"1635",0.164684401778395,"hatSigma","0.9","RMSE"
"1636",0.345167635803101,"hatSigma","0.9","RMSE"
"1637",0.174434519689898,"hatSigma","0.9","RMSE"
"1638",0.198620702747537,"hatSigma","0.9","RMSE"
"1639",0.12719691565298,"hatSigma","0.9","RMSE"
"1640",0.253812217286944,"hatSigma","0.9","RMSE"
"1641",0.2553880413708,"hatSigma","1","RMSE"
"1642",0.283841951593183,"hatSigma","1","RMSE"
"1643",0.171227597749154,"hatSigma","1","RMSE"
"1644",0.163239729730271,"hatSigma","1","RMSE"
"1645",0.13620129865196,"hatSigma","1","RMSE"
"1646",0.359277493421821,"hatSigma","1","RMSE"
"1647",0.15960409447944,"hatSigma","1","RMSE"
"1648",0.195744614536857,"hatSigma","1","RMSE"
"1649",0.0914434153964179,"hatSigma","1","RMSE"
"1650",0.243032221150988,"hatSigma","1","RMSE"
"1651",0.144002015346084,"new","0","RMSE"
"1652",0.144002015346084,"new","0","RMSE"
"1653",0.144002015346084,"new","0","RMSE"
"1654",0.144002015346084,"new","0","RMSE"
"1655",0.144002015346084,"new","0","RMSE"
"1656",0.144002015346084,"new","0","RMSE"
"1657",0.144002015346084,"new","0","RMSE"
"1658",0.144002015346084,"new","0","RMSE"
"1659",0.144002015346084,"new","0","RMSE"
"1660",0.144002015346084,"new","0","RMSE"
"1661",0.167695802479272,"new","0.1","RMSE"
"1662",0.167695802479272,"new","0.1","RMSE"
"1663",0.167695802479272,"new","0.1","RMSE"
"1664",0.167695802479272,"new","0.1","RMSE"
"1665",0.167695802479272,"new","0.1","RMSE"
"1666",0.167695802479272,"new","0.1","RMSE"
"1667",0.167695802479272,"new","0.1","RMSE"
"1668",0.167695802479272,"new","0.1","RMSE"
"1669",0.167695802479272,"new","0.1","RMSE"
"1670",0.167695802479272,"new","0.1","RMSE"
"1671",0.201772489651063,"new","0.2","RMSE"
"1672",0.201772489651063,"new","0.2","RMSE"
"1673",0.201772489651063,"new","0.2","RMSE"
"1674",0.201772489651063,"new","0.2","RMSE"
"1675",0.201772489651063,"new","0.2","RMSE"
"1676",0.201772489651063,"new","0.2","RMSE"
"1677",0.201772489651063,"new","0.2","RMSE"
"1678",0.201772489651063,"new","0.2","RMSE"
"1679",0.201772489651063,"new","0.2","RMSE"
"1680",0.201772489651063,"new","0.2","RMSE"
"1681",0.24188291931469,"new","0.3","RMSE"
"1682",0.24188291931469,"new","0.3","RMSE"
"1683",0.24188291931469,"new","0.3","RMSE"
"1684",0.24188291931469,"new","0.3","RMSE"
"1685",0.24188291931469,"new","0.3","RMSE"
"1686",0.24188291931469,"new","0.3","RMSE"
"1687",0.24188291931469,"new","0.3","RMSE"
"1688",0.24188291931469,"new","0.3","RMSE"
"1689",0.24188291931469,"new","0.3","RMSE"
"1690",0.24188291931469,"new","0.3","RMSE"
"1691",0.285495200306053,"new","0.4","RMSE"
"1692",0.285495200306053,"new","0.4","RMSE"
"1693",0.285495200306053,"new","0.4","RMSE"
"1694",0.285495200306053,"new","0.4","RMSE"
"1695",0.285495200306053,"new","0.4","RMSE"
"1696",0.285495200306053,"new","0.4","RMSE"
"1697",0.285495200306053,"new","0.4","RMSE"
"1698",0.285495200306053,"new","0.4","RMSE"
"1699",0.285495200306053,"new","0.4","RMSE"
"1700",0.285495200306053,"new","0.4","RMSE"
"1701",0.331228962810889,"new","0.5","RMSE"
"1702",0.331228962810889,"new","0.5","RMSE"
"1703",0.331228962810889,"new","0.5","RMSE"
"1704",0.331228962810889,"new","0.5","RMSE"
"1705",0.331228962810889,"new","0.5","RMSE"
"1706",0.331228962810889,"new","0.5","RMSE"
"1707",0.331228962810889,"new","0.5","RMSE"
"1708",0.331228962810889,"new","0.5","RMSE"
"1709",0.331228962810889,"new","0.5","RMSE"
"1710",0.331228962810889,"new","0.5","RMSE"
"1711",0.378315603533808,"new","0.6","RMSE"
"1712",0.378315603533808,"new","0.6","RMSE"
"1713",0.378315603533808,"new","0.6","RMSE"
"1714",0.378315603533808,"new","0.6","RMSE"
"1715",0.378315603533808,"new","0.6","RMSE"
"1716",0.378315603533808,"new","0.6","RMSE"
"1717",0.378315603533808,"new","0.6","RMSE"
"1718",0.378315603533808,"new","0.6","RMSE"
"1719",0.378315603533808,"new","0.6","RMSE"
"1720",0.378315603533808,"new","0.6","RMSE"
"1721",0.42630707197384,"new","0.7","RMSE"
"1722",0.42630707197384,"new","0.7","RMSE"
"1723",0.42630707197384,"new","0.7","RMSE"
"1724",0.42630707197384,"new","0.7","RMSE"
"1725",0.42630707197384,"new","0.7","RMSE"
"1726",0.42630707197384,"new","0.7","RMSE"
"1727",0.42630707197384,"new","0.7","RMSE"
"1728",0.42630707197384,"new","0.7","RMSE"
"1729",0.42630707197384,"new","0.7","RMSE"
"1730",0.42630707197384,"new","0.7","RMSE"
"1731",0.474929149471851,"new","0.8","RMSE"
"1732",0.474929149471851,"new","0.8","RMSE"
"1733",0.474929149471851,"new","0.8","RMSE"
"1734",0.474929149471851,"new","0.8","RMSE"
"1735",0.474929149471851,"new","0.8","RMSE"
"1736",0.474929149471851,"new","0.8","RMSE"
"1737",0.474929149471851,"new","0.8","RMSE"
"1738",0.474929149471851,"new","0.8","RMSE"
"1739",0.474929149471851,"new","0.8","RMSE"
"1740",0.474929149471851,"new","0.8","RMSE"
"1741",0.524006324471939,"new","0.9","RMSE"
"1742",0.524006324471939,"new","0.9","RMSE"
"1743",0.524006324471939,"new","0.9","RMSE"
"1744",0.524006324471939,"new","0.9","RMSE"
"1745",0.524006324471939,"new","0.9","RMSE"
"1746",0.524006324471939,"new","0.9","RMSE"
"1747",0.524006324471939,"new","0.9","RMSE"
"1748",0.524006324471939,"new","0.9","RMSE"
"1749",0.524006324471939,"new","0.9","RMSE"
"1750",0.524006324471939,"new","0.9","RMSE"
"1751",0.573421758237785,"new","1","RMSE"
"1752",0.573421758237785,"new","1","RMSE"
"1753",0.573421758237785,"new","1","RMSE"
"1754",0.573421758237785,"new","1","RMSE"
"1755",0.573421758237785,"new","1","RMSE"
"1756",0.573421758237785,"new","1","RMSE"
"1757",0.573421758237785,"new","1","RMSE"
"1758",0.573421758237785,"new","1","RMSE"
"1759",0.573421758237785,"new","1","RMSE"
"1760",0.573421758237785,"new","1","RMSE"
