"","value","est","lambda","type"
"1",0.285810692041228,"Pearson","0","MAE"
"2",0.278405894167578,"Pearson","0","MAE"
"3",0.276997000065461,"Pearson","0","MAE"
"4",0.277259545708975,"Pearson","0","MAE"
"5",0.281507726110849,"Pearson","0","MAE"
"6",0.287883689637083,"Pearson","0","MAE"
"7",0.276171267179866,"Pearson","0","MAE"
"8",0.277781790948861,"Pearson","0","MAE"
"9",0.283023459536475,"Pearson","0","MAE"
"10",0.277514098895639,"Pearson","0","MAE"
"11",0.287046748037573,"Pearson","0.1","MAE"
"12",0.275278977985854,"Pearson","0.1","MAE"
"13",0.277134775679076,"Pearson","0.1","MAE"
"14",0.275472979398315,"Pearson","0.1","MAE"
"15",0.284568540304507,"Pearson","0.1","MAE"
"16",0.296441303600962,"Pearson","0.1","MAE"
"17",0.275733335520288,"Pearson","0.1","MAE"
"18",0.279534781261429,"Pearson","0.1","MAE"
"19",0.282785264050151,"Pearson","0.1","MAE"
"20",0.278831618787786,"Pearson","0.1","MAE"
"21",0.288856246378723,"Pearson","0.2","MAE"
"22",0.2737560802752,"Pearson","0.2","MAE"
"23",0.277451079751073,"Pearson","0.2","MAE"
"24",0.2749714986984,"Pearson","0.2","MAE"
"25",0.287831439775958,"Pearson","0.2","MAE"
"26",0.307900217924774,"Pearson","0.2","MAE"
"27",0.274330316896601,"Pearson","0.2","MAE"
"28",0.282714913082731,"Pearson","0.2","MAE"
"29",0.282399772682805,"Pearson","0.2","MAE"
"30",0.278326632072341,"Pearson","0.2","MAE"
"31",0.28816538096018,"Pearson","0.3","MAE"
"32",0.273211465774606,"Pearson","0.3","MAE"
"33",0.276138895881698,"Pearson","0.3","MAE"
"34",0.274688000901867,"Pearson","0.3","MAE"
"35",0.290385575261005,"Pearson","0.3","MAE"
"36",0.321970243051131,"Pearson","0.3","MAE"
"37",0.271136812688977,"Pearson","0.3","MAE"
"38",0.2851588007421,"Pearson","0.3","MAE"
"39",0.281124113324984,"Pearson","0.3","MAE"
"40",0.27297381004021,"Pearson","0.3","MAE"
"41",0.286409720597738,"Pearson","0.4","MAE"
"42",0.273512772953511,"Pearson","0.4","MAE"
"43",0.27130116123954,"Pearson","0.4","MAE"
"44",0.2739327995005,"Pearson","0.4","MAE"
"45",0.291413865957461,"Pearson","0.4","MAE"
"46",0.334683013428654,"Pearson","0.4","MAE"
"47",0.264867481726834,"Pearson","0.4","MAE"
"48",0.285615520996111,"Pearson","0.4","MAE"
"49",0.27762440775782,"Pearson","0.4","MAE"
"50",0.267154210950612,"Pearson","0.4","MAE"
"51",0.283832640511962,"Pearson","0.5","MAE"
"52",0.27417202022851,"Pearson","0.5","MAE"
"53",0.259401925016671,"Pearson","0.5","MAE"
"54",0.272046567404896,"Pearson","0.5","MAE"
"55",0.290756568304827,"Pearson","0.5","MAE"
"56",0.340410123634304,"Pearson","0.5","MAE"
"57",0.254744644531423,"Pearson","0.5","MAE"
"58",0.283321403179683,"Pearson","0.5","MAE"
"59",0.27144208308312,"Pearson","0.5","MAE"
"60",0.258078584248106,"Pearson","0.5","MAE"
"61",0.279604076129772,"Pearson","0.6","MAE"
"62",0.273711605012505,"Pearson","0.6","MAE"
"63",0.245065511184476,"Pearson","0.6","MAE"
"64",0.267967808636074,"Pearson","0.6","MAE"
"65",0.287872731668572,"Pearson","0.6","MAE"
"66",0.345417600952942,"Pearson","0.6","MAE"
"67",0.240126775987708,"Pearson","0.6","MAE"
"68",0.277007161138023,"Pearson","0.6","MAE"
"69",0.261978890201955,"Pearson","0.6","MAE"
"70",0.244822913312619,"Pearson","0.6","MAE"
"71",0.267765306912905,"Pearson","0.7","MAE"
"72",0.269795613108209,"Pearson","0.7","MAE"
"73",0.225245017110034,"Pearson","0.7","MAE"
"74",0.259979795122879,"Pearson","0.7","MAE"
"75",0.280036875081478,"Pearson","0.7","MAE"
"76",0.344495283889451,"Pearson","0.7","MAE"
"77",0.221052159375437,"Pearson","0.7","MAE"
"78",0.265056472314516,"Pearson","0.7","MAE"
"79",0.247735424508788,"Pearson","0.7","MAE"
"80",0.226674620921276,"Pearson","0.7","MAE"
"81",0.254588595789648,"Pearson","0.8","MAE"
"82",0.258227313490468,"Pearson","0.8","MAE"
"83",0.199892409471052,"Pearson","0.8","MAE"
"84",0.246260937742258,"Pearson","0.8","MAE"
"85",0.268309587223135,"Pearson","0.8","MAE"
"86",0.335434694855988,"Pearson","0.8","MAE"
"87",0.197806560532407,"Pearson","0.8","MAE"
"88",0.244474833313533,"Pearson","0.8","MAE"
"89",0.224825390241384,"Pearson","0.8","MAE"
"90",0.201654278583136,"Pearson","0.8","MAE"
"91",0.234887441806245,"Pearson","0.9","MAE"
"92",0.234173946636484,"Pearson","0.9","MAE"
"93",0.169743432738833,"Pearson","0.9","MAE"
"94",0.223006535558023,"Pearson","0.9","MAE"
"95",0.249253017718394,"Pearson","0.9","MAE"
"96",0.312425670804253,"Pearson","0.9","MAE"
"97",0.172675051178624,"Pearson","0.9","MAE"
"98",0.218324895982271,"Pearson","0.9","MAE"
"99",0.1901264703527,"Pearson","0.9","MAE"
"100",0.169053498424715,"Pearson","0.9","MAE"
"101",0.211869562074563,"Pearson","1","MAE"
"102",0.199377983658993,"Pearson","1","MAE"
"103",0.139052312237445,"Pearson","1","MAE"
"104",0.14908459052846,"Pearson","1","MAE"
"105",0.204486075635772,"Pearson","1","MAE"
"106",0.25141842772172,"Pearson","1","MAE"
"107",0.163194521267085,"Pearson","1","MAE"
"108",0.188790622617509,"Pearson","1","MAE"
"109",0.138904418135883,"Pearson","1","MAE"
"110",0.13200058421019,"Pearson","1","MAE"
"111",0.265867214047692,"LW","0","MAE"
"112",0.259957315302218,"LW","0","MAE"
"113",0.252893860523002,"LW","0","MAE"
"114",0.252445485460558,"LW","0","MAE"
"115",0.251904658227138,"LW","0","MAE"
"116",0.265012192487255,"LW","0","MAE"
"117",0.24747234387753,"LW","0","MAE"
"118",0.257537506052593,"LW","0","MAE"
"119",0.254750388606148,"LW","0","MAE"
"120",0.252179502708838,"LW","0","MAE"
"121",0.269088533847595,"LW","0.1","MAE"
"122",0.258100345230949,"LW","0.1","MAE"
"123",0.256356681903538,"LW","0.1","MAE"
"124",0.24762051171638,"LW","0.1","MAE"
"125",0.257108504243314,"LW","0.1","MAE"
"126",0.275756089407776,"LW","0.1","MAE"
"127",0.251415833344531,"LW","0.1","MAE"
"128",0.261266131973598,"LW","0.1","MAE"
"129",0.254634025811619,"LW","0.1","MAE"
"130",0.258590833986182,"LW","0.1","MAE"
"131",0.272307224007941,"LW","0.2","MAE"
"132",0.258560870469171,"LW","0.2","MAE"
"133",0.260217601005722,"LW","0.2","MAE"
"134",0.251452991175995,"LW","0.2","MAE"
"135",0.26508036809623,"LW","0.2","MAE"
"136",0.292394034119219,"LW","0.2","MAE"
"137",0.254767825539725,"LW","0.2","MAE"
"138",0.265904195446514,"LW","0.2","MAE"
"139",0.258212529394998,"LW","0.2","MAE"
"140",0.262151691555226,"LW","0.2","MAE"
"141",0.275092602005608,"LW","0.3","MAE"
"142",0.259827107698664,"LW","0.3","MAE"
"143",0.262651643887293,"LW","0.3","MAE"
"144",0.254500097617751,"LW","0.3","MAE"
"145",0.272455964119079,"LW","0.3","MAE"
"146",0.310864867281795,"LW","0.3","MAE"
"147",0.255461126182394,"LW","0.3","MAE"
"148",0.270627528390116,"LW","0.3","MAE"
"149",0.261426335513919,"LW","0.3","MAE"
"150",0.260093991245086,"LW","0.3","MAE"
"151",0.276755688001101,"LW","0.4","MAE"
"152",0.262325680361373,"LW","0.4","MAE"
"153",0.261297411676071,"LW","0.4","MAE"
"154",0.257840181055623,"LW","0.4","MAE"
"155",0.277904455112708,"LW","0.4","MAE"
"156",0.326853776190986,"LW","0.4","MAE"
"157",0.252871385476857,"LW","0.4","MAE"
"158",0.27484899524552,"LW","0.4","MAE"
"159",0.262365743955298,"LW","0.4","MAE"
"160",0.257034042876568,"LW","0.4","MAE"
"161",0.276691315896162,"LW","0.5","MAE"
"162",0.265511598130588,"LW","0.5","MAE"
"163",0.252293016858235,"LW","0.5","MAE"
"164",0.25992063067537,"LW","0.5","MAE"
"165",0.280918915687391,"LW","0.5","MAE"
"166",0.334932310398661,"LW","0.5","MAE"
"167",0.245879360941286,"LW","0.5","MAE"
"168",0.275553418711137,"LW","0.5","MAE"
"169",0.260425916564905,"LW","0.5","MAE"
"170",0.250462247467876,"LW","0.5","MAE"
"171",0.274793760590309,"LW","0.6","MAE"
"172",0.267726067658348,"LW","0.6","MAE"
"173",0.240263716639807,"LW","0.6","MAE"
"174",0.259502829724743,"LW","0.6","MAE"
"175",0.280950912813449,"LW","0.6","MAE"
"176",0.341602356882267,"LW","0.6","MAE"
"177",0.233971700700866,"LW","0.6","MAE"
"178",0.271706340986654,"LW","0.6","MAE"
"179",0.254530301426472,"LW","0.6","MAE"
"180",0.239340268383887,"LW","0.6","MAE"
"181",0.264877173188954,"LW","0.7","MAE"
"182",0.266135448215907,"LW","0.7","MAE"
"183",0.222191189084145,"LW","0.7","MAE"
"184",0.254734293577618,"LW","0.7","MAE"
"185",0.275579064316888,"LW","0.7","MAE"
"186",0.342173763695618,"LW","0.7","MAE"
"187",0.217220748627746,"LW","0.7","MAE"
"188",0.26183240775802,"LW","0.7","MAE"
"189",0.243127771679552,"LW","0.7","MAE"
"190",0.22298021923743,"LW","0.7","MAE"
"191",0.253001122134952,"LW","0.8","MAE"
"192",0.256420737305704,"LW","0.8","MAE"
"193",0.198197664037272,"LW","0.8","MAE"
"194",0.243425680368725,"LW","0.8","MAE"
"195",0.26594553293554,"LW","0.8","MAE"
"196",0.33418360330056,"LW","0.8","MAE"
"197",0.195714320348472,"LW","0.8","MAE"
"198",0.242793323017682,"LW","0.8","MAE"
"199",0.222353927344587,"LW","0.8","MAE"
"200",0.199562634685461,"LW","0.8","MAE"
"201",0.234237897894536,"LW","0.9","MAE"
"202",0.233506341747469,"LW","0.9","MAE"
"203",0.169037517128672,"LW","0.9","MAE"
"204",0.222041953847505,"LW","0.9","MAE"
"205",0.248263153394352,"LW","0.9","MAE"
"206",0.311964976856413,"LW","0.9","MAE"
"207",0.17190172698431,"LW","0.9","MAE"
"208",0.21771370408689,"LW","0.9","MAE"
"209",0.189217691800103,"LW","0.9","MAE"
"210",0.168086039107211,"LW","0.9","MAE"
"211",0.211808816193895,"LW","1","MAE"
"212",0.19933423619499,"LW","1","MAE"
"213",0.138999555901972,"LW","1","MAE"
"214",0.149023573344631,"LW","1","MAE"
"215",0.204416853537138,"LW","1","MAE"
"216",0.251387145294161,"LW","1","MAE"
"217",0.163137224247696,"LW","1","MAE"
"218",0.188747053098909,"LW","1","MAE"
"219",0.138843248266489,"LW","1","MAE"
"220",0.131936579607404,"LW","1","MAE"
"221",0.113854452302527,"Sparse","0","MAE"
"222",0.112905671493897,"Sparse","0","MAE"
"223",0.109899387228753,"Sparse","0","MAE"
"224",0.120437736844228,"Sparse","0","MAE"
"225",0.120554080050532,"Sparse","0","MAE"
"226",0.120672564676156,"Sparse","0","MAE"
"227",0.12068377653481,"Sparse","0","MAE"
"228",0.120543814670431,"Sparse","0","MAE"
"229",0.120689769737547,"Sparse","0","MAE"
"230",0.12068377653481,"Sparse","0","MAE"
"231",0.133029877322253,"Sparse","0.1","MAE"
"232",0.127671860537672,"Sparse","0.1","MAE"
"233",0.130206477104356,"Sparse","0.1","MAE"
"234",0.127456054332031,"Sparse","0.1","MAE"
"235",0.141310783496714,"Sparse","0.1","MAE"
"236",0.140848153360378,"Sparse","0.1","MAE"
"237",0.141310783496714,"Sparse","0.1","MAE"
"238",0.130141041038593,"Sparse","0.1","MAE"
"239",0.141313789275548,"Sparse","0.1","MAE"
"240",0.141310783496714,"Sparse","0.1","MAE"
"241",0.151063131553194,"Sparse","0.2","MAE"
"242",0.146348225745099,"Sparse","0.2","MAE"
"243",0.13149566348893,"Sparse","0.2","MAE"
"244",0.145344299064718,"Sparse","0.2","MAE"
"245",0.161937790458618,"Sparse","0.2","MAE"
"246",0.167790628742539,"Sparse","0.2","MAE"
"247",0.161405271896825,"Sparse","0.2","MAE"
"248",0.149164480997146,"Sparse","0.2","MAE"
"249",0.161911582773132,"Sparse","0.2","MAE"
"250",0.160996829627889,"Sparse","0.2","MAE"
"251",0.167816326019892,"Sparse","0.3","MAE"
"252",0.165533775387374,"Sparse","0.3","MAE"
"253",0.148900386029291,"Sparse","0.3","MAE"
"254",0.164950086304722,"Sparse","0.3","MAE"
"255",0.18237957572377,"Sparse","0.3","MAE"
"256",0.192287831452887,"Sparse","0.3","MAE"
"257",0.172232700345303,"Sparse","0.3","MAE"
"258",0.165330726077954,"Sparse","0.3","MAE"
"259",0.17962031430466,"Sparse","0.3","MAE"
"260",0.160292181509316,"Sparse","0.3","MAE"
"261",0.196227416514704,"Sparse","0.4","MAE"
"262",0.171005438408477,"Sparse","0.4","MAE"
"263",0.166824096890617,"Sparse","0.4","MAE"
"264",0.169552204825929,"Sparse","0.4","MAE"
"265",0.199281049491708,"Sparse","0.4","MAE"
"266",0.21769966707789,"Sparse","0.4","MAE"
"267",0.191274410197027,"Sparse","0.4","MAE"
"268",0.18384365416417,"Sparse","0.4","MAE"
"269",0.189313984508866,"Sparse","0.4","MAE"
"270",0.175502115344614,"Sparse","0.4","MAE"
"271",0.209000093331134,"Sparse","0.5","MAE"
"272",0.193420836742672,"Sparse","0.5","MAE"
"273",0.177851348120462,"Sparse","0.5","MAE"
"274",0.184336527194464,"Sparse","0.5","MAE"
"275",0.218531874468874,"Sparse","0.5","MAE"
"276",0.24283152909494,"Sparse","0.5","MAE"
"277",0.188374426875938,"Sparse","0.5","MAE"
"278",0.210678120264444,"Sparse","0.5","MAE"
"279",0.204245415032528,"Sparse","0.5","MAE"
"280",0.191483735976858,"Sparse","0.5","MAE"
"281",0.229146019906907,"Sparse","0.6","MAE"
"282",0.219247376707036,"Sparse","0.6","MAE"
"283",0.196533614859791,"Sparse","0.6","MAE"
"284",0.203972510682074,"Sparse","0.6","MAE"
"285",0.238502489300043,"Sparse","0.6","MAE"
"286",0.28116743402056,"Sparse","0.6","MAE"
"287",0.200463891354879,"Sparse","0.6","MAE"
"288",0.22234069922355,"Sparse","0.6","MAE"
"289",0.218135170868974,"Sparse","0.6","MAE"
"290",0.190884128686619,"Sparse","0.6","MAE"
"291",0.235231625620733,"Sparse","0.7","MAE"
"292",0.237462688562489,"Sparse","0.7","MAE"
"293",0.195599224197132,"Sparse","0.7","MAE"
"294",0.212347610459772,"Sparse","0.7","MAE"
"295",0.256689396765766,"Sparse","0.7","MAE"
"296",0.305631774041605,"Sparse","0.7","MAE"
"297",0.196254975714193,"Sparse","0.7","MAE"
"298",0.232115291167688,"Sparse","0.7","MAE"
"299",0.217895938220057,"Sparse","0.7","MAE"
"300",0.197994693745894,"Sparse","0.7","MAE"
"301",0.238220108225907,"Sparse","0.8","MAE"
"302",0.246505052086014,"Sparse","0.8","MAE"
"303",0.187093218408859,"Sparse","0.8","MAE"
"304",0.219459956578452,"Sparse","0.8","MAE"
"305",0.266150118418269,"Sparse","0.8","MAE"
"306",0.30830834780286,"Sparse","0.8","MAE"
"307",0.186522313447903,"Sparse","0.8","MAE"
"308",0.233482741102054,"Sparse","0.8","MAE"
"309",0.220562413076959,"Sparse","0.8","MAE"
"310",0.19361115120899,"Sparse","0.8","MAE"
"311",0.228943135601546,"Sparse","0.9","MAE"
"312",0.23746131372696,"Sparse","0.9","MAE"
"313",0.1680171558651,"Sparse","0.9","MAE"
"314",0.215155556856174,"Sparse","0.9","MAE"
"315",0.274596854992688,"Sparse","0.9","MAE"
"316",0.301781715989437,"Sparse","0.9","MAE"
"317",0.172628788772211,"Sparse","0.9","MAE"
"318",0.220570389250438,"Sparse","0.9","MAE"
"319",0.201745401429546,"Sparse","0.9","MAE"
"320",0.17604448613102,"Sparse","0.9","MAE"
"321",0.21469352751202,"Sparse","1","MAE"
"322",0.204168901570914,"Sparse","1","MAE"
"323",0.143745298470289,"Sparse","1","MAE"
"324",0.151712919890315,"Sparse","1","MAE"
"325",0.211895924858558,"Sparse","1","MAE"
"326",0.253408925679627,"Sparse","1","MAE"
"327",0.16574094779137,"Sparse","1","MAE"
"328",0.193565777026522,"Sparse","1","MAE"
"329",0.142203897474384,"Sparse","1","MAE"
"330",0.135123472682184,"Sparse","1","MAE"
"331",0.128716333811992,"FM","0","MAE"
"332",0.12680031800688,"FM","0","MAE"
"333",0.125162517476194,"FM","0","MAE"
"334",0.120372760010375,"FM","0","MAE"
"335",0.128798252819776,"FM","0","MAE"
"336",0.131960778690463,"FM","0","MAE"
"337",0.125014601773329,"FM","0","MAE"
"338",0.127553208818411,"FM","0","MAE"
"339",0.126976241186422,"FM","0","MAE"
"340",0.124584129500697,"FM","0","MAE"
"341",0.143568833400481,"FM","0.1","MAE"
"342",0.137548364120361,"FM","0.1","MAE"
"343",0.137731219344106,"FM","0.1","MAE"
"344",0.132244030967249,"FM","0.1","MAE"
"345",0.143430034586542,"FM","0.1","MAE"
"346",0.154210901964296,"FM","0.1","MAE"
"347",0.1388389769118,"FM","0.1","MAE"
"348",0.142870224209617,"FM","0.1","MAE"
"349",0.141713258568544,"FM","0.1","MAE"
"350",0.137643686698528,"FM","0.1","MAE"
"351",0.162012200742248,"FM","0.2","MAE"
"352",0.153182952939972,"FM","0.2","MAE"
"353",0.153387420462529,"FM","0.2","MAE"
"354",0.148938154606665,"FM","0.2","MAE"
"355",0.162677023458688,"FM","0.2","MAE"
"356",0.183143508703387,"FM","0.2","MAE"
"357",0.155771962123953,"FM","0.2","MAE"
"358",0.162374895106927,"FM","0.2","MAE"
"359",0.160176859739243,"FM","0.2","MAE"
"360",0.153807027833189,"FM","0.2","MAE"
"361",0.180003019965123,"FM","0.3","MAE"
"362",0.171294891435672,"FM","0.3","MAE"
"363",0.168646525653861,"FM","0.3","MAE"
"364",0.167272411626843,"FM","0.3","MAE"
"365",0.183492603882669,"FM","0.3","MAE"
"366",0.212446023718822,"FM","0.3","MAE"
"367",0.172743487136717,"FM","0.3","MAE"
"368",0.182121348090737,"FM","0.3","MAE"
"369",0.179334831224824,"FM","0.3","MAE"
"370",0.170518825931075,"FM","0.3","MAE"
"371",0.196101781074873,"FM","0.4","MAE"
"372",0.189981830744725,"FM","0.4","MAE"
"373",0.181157436255055,"FM","0.4","MAE"
"374",0.185066469188674,"FM","0.4","MAE"
"375",0.204113910484547,"FM","0.4","MAE"
"376",0.238286887848663,"FM","0.4","MAE"
"377",0.187508515818277,"FM","0.4","MAE"
"378",0.199875438688423,"FM","0.4","MAE"
"379",0.197229261524996,"FM","0.4","MAE"
"380",0.185789498342254,"FM","0.4","MAE"
"381",0.209799432617468,"FM","0.5","MAE"
"382",0.207897584380706,"FM","0.5","MAE"
"383",0.189870112075949,"FM","0.5","MAE"
"384",0.200870728559248,"FM","0.5","MAE"
"385",0.223083112872487,"FM","0.5","MAE"
"386",0.259322575078455,"FM","0.5","MAE"
"387",0.198635862633124,"FM","0.5","MAE"
"388",0.214306056464957,"FM","0.5","MAE"
"389",0.212135049975928,"FM","0.5","MAE"
"390",0.197859994442616,"FM","0.5","MAE"
"391",0.221313734313493,"FM","0.6","MAE"
"392",0.223659392495563,"FM","0.6","MAE"
"393",0.194684116985968,"FM","0.6","MAE"
"394",0.214016347906061,"FM","0.6","MAE"
"395",0.239210578871286,"FM","0.6","MAE"
"396",0.275777897443595,"FM","0.6","MAE"
"397",0.204993148255172,"FM","0.6","MAE"
"398",0.2240384552944,"FM","0.6","MAE"
"399",0.222549665609284,"FM","0.6","MAE"
"400",0.205241567591854,"FM","0.6","MAE"
"401",0.230729962356645,"FM","0.7","MAE"
"402",0.235699314857995,"FM","0.7","MAE"
"403",0.195340230710061,"FM","0.7","MAE"
"404",0.22396975360866,"FM","0.7","MAE"
"405",0.251818797176237,"FM","0.7","MAE"
"406",0.287465845695492,"FM","0.7","MAE"
"407",0.20636960766989,"FM","0.7","MAE"
"408",0.22809737969665,"FM","0.7","MAE"
"409",0.227022705915559,"FM","0.7","MAE"
"410",0.206780825430196,"FM","0.7","MAE"
"411",0.237707442727791,"FM","0.8","MAE"
"412",0.241806999886915,"FM","0.8","MAE"
"413",0.192547700414537,"FM","0.8","MAE"
"414",0.229728651597555,"FM","0.8","MAE"
"415",0.260063110059867,"FM","0.8","MAE"
"416",0.294571940597133,"FM","0.8","MAE"
"417",0.203386247456259,"FM","0.8","MAE"
"418",0.226107178277031,"FM","0.8","MAE"
"419",0.224013167197087,"FM","0.8","MAE"
"420",0.201129924708593,"FM","0.8","MAE"
"421",0.2402337222221,"FM","0.9","MAE"
"422",0.238657550124112,"FM","0.9","MAE"
"423",0.188476373322229,"FM","0.9","MAE"
"424",0.228651747190254,"FM","0.9","MAE"
"425",0.262294141049943,"FM","0.9","MAE"
"426",0.293962064249228,"FM","0.9","MAE"
"427",0.197845968002634,"FM","0.9","MAE"
"428",0.220001924932189,"FM","0.9","MAE"
"429",0.210705156566844,"FM","0.9","MAE"
"430",0.187753368186854,"FM","0.9","MAE"
"431",0.237569273962264,"FM","1","MAE"
"432",0.226691468608219,"FM","1","MAE"
"433",0.185534374407292,"FM","1","MAE"
"434",0.195548241981484,"FM","1","MAE"
"435",0.249305304117703,"FM","1","MAE"
"436",0.264518881955333,"FM","1","MAE"
"437",0.201621071830352,"FM","1","MAE"
"438",0.21128240203797,"FM","1","MAE"
"439",0.182134910815368,"FM","1","MAE"
"440",0.1686603740362,"FM","1","MAE"
"441",0.0516632940322732,"BestWSCE","0","MAE"
"442",0.0201650246066188,"BestWSCE","0","MAE"
"443",0.00991650573348723,"BestWSCE","0","MAE"
"444",0.0191898346161885,"BestWSCE","0","MAE"
"445",0.0885225990135759,"BestWSCE","0","MAE"
"446",0.0952064970514145,"BestWSCE","0","MAE"
"447",0.0675978349294325,"BestWSCE","0","MAE"
"448",0.044050897251587,"BestWSCE","0","MAE"
"449",0.0815437823043176,"BestWSCE","0","MAE"
"450",0.0380397171171986,"BestWSCE","0","MAE"
"451",0.0593518205667248,"BestWSCE","0.1","MAE"
"452",0.0401673251584124,"BestWSCE","0.1","MAE"
"453",0.0468787357955621,"BestWSCE","0.1","MAE"
"454",0.0429245647337121,"BestWSCE","0.1","MAE"
"455",0.102453156487668,"BestWSCE","0.1","MAE"
"456",0.112332723756102,"BestWSCE","0.1","MAE"
"457",0.0765834051048903,"BestWSCE","0.1","MAE"
"458",0.0519838606289552,"BestWSCE","0.1","MAE"
"459",0.0931014734387907,"BestWSCE","0.1","MAE"
"460",0.0439326224759522,"BestWSCE","0.1","MAE"
"461",0.0757209268067398,"BestWSCE","0.2","MAE"
"462",0.0846402236019418,"BestWSCE","0.2","MAE"
"463",0.0916152824821252,"BestWSCE","0.2","MAE"
"464",0.0846952603878371,"BestWSCE","0.2","MAE"
"465",0.116265200009593,"BestWSCE","0.2","MAE"
"466",0.126046018333533,"BestWSCE","0.2","MAE"
"467",0.0873380870281697,"BestWSCE","0.2","MAE"
"468",0.0703439651732657,"BestWSCE","0.2","MAE"
"469",0.101528782249674,"BestWSCE","0.2","MAE"
"470",0.0727772498913462,"BestWSCE","0.2","MAE"
"471",0.109629381904595,"BestWSCE","0.3","MAE"
"472",0.131145387548511,"BestWSCE","0.3","MAE"
"473",0.137109790644797,"BestWSCE","0.3","MAE"
"474",0.129406335801043,"BestWSCE","0.3","MAE"
"475",0.12972143766748,"BestWSCE","0.3","MAE"
"476",0.140255528340621,"BestWSCE","0.3","MAE"
"477",0.10590553340947,"BestWSCE","0.3","MAE"
"478",0.112128582859735,"BestWSCE","0.3","MAE"
"479",0.115068465235505,"BestWSCE","0.3","MAE"
"480",0.116328311465419,"BestWSCE","0.3","MAE"
"481",0.149846599554224,"BestWSCE","0.4","MAE"
"482",0.179031766989548,"BestWSCE","0.4","MAE"
"483",0.183673229893651,"BestWSCE","0.4","MAE"
"484",0.175287833514859,"BestWSCE","0.4","MAE"
"485",0.143142281913109,"BestWSCE","0.4","MAE"
"486",0.152691547759444,"BestWSCE","0.4","MAE"
"487",0.139256853839279,"BestWSCE","0.4","MAE"
"488",0.155495891702415,"BestWSCE","0.4","MAE"
"489",0.134365948225245,"BestWSCE","0.4","MAE"
"490",0.160585156739271,"BestWSCE","0.4","MAE"
"491",0.191479005510319,"BestWSCE","0.5","MAE"
"492",0.22814165062014,"BestWSCE","0.5","MAE"
"493",0.231527265542239,"BestWSCE","0.5","MAE"
"494",0.222101017687974,"BestWSCE","0.5","MAE"
"495",0.16737841771933,"BestWSCE","0.5","MAE"
"496",0.166044137790641,"BestWSCE","0.5","MAE"
"497",0.179436178676451,"BestWSCE","0.5","MAE"
"498",0.199239844521274,"BestWSCE","0.5","MAE"
"499",0.175095534805686,"BestWSCE","0.5","MAE"
"500",0.205272557588981,"BestWSCE","0.5","MAE"
"501",0.233347473839449,"BestWSCE","0.6","MAE"
"502",0.278688506807858,"BestWSCE","0.6","MAE"
"503",0.278815154023116,"BestWSCE","0.6","MAE"
"504",0.269940797742496,"BestWSCE","0.6","MAE"
"505",0.207088541273608,"BestWSCE","0.6","MAE"
"506",0.205007420374017,"BestWSCE","0.6","MAE"
"507",0.219682625822774,"BestWSCE","0.6","MAE"
"508",0.243286189376367,"BestWSCE","0.6","MAE"
"509",0.216374118092972,"BestWSCE","0.6","MAE"
"510",0.250356244203323,"BestWSCE","0.6","MAE"
"511",0.275954566891767,"BestWSCE","0.7","MAE"
"512",0.330922021192673,"BestWSCE","0.7","MAE"
"513",0.326192479772524,"BestWSCE","0.7","MAE"
"514",0.319070361945324,"BestWSCE","0.7","MAE"
"515",0.249366747021482,"BestWSCE","0.7","MAE"
"516",0.245013954550857,"BestWSCE","0.7","MAE"
"517",0.260068129768537,"BestWSCE","0.7","MAE"
"518",0.288051298887057,"BestWSCE","0.7","MAE"
"519",0.258154683222066,"BestWSCE","0.7","MAE"
"520",0.295538934947013,"BestWSCE","0.7","MAE"
"521",0.318657019395949,"BestWSCE","0.8","MAE"
"522",0.385755633540265,"BestWSCE","0.8","MAE"
"523",0.373533839482946,"BestWSCE","0.8","MAE"
"524",0.370072154799011,"BestWSCE","0.8","MAE"
"525",0.290551664462825,"BestWSCE","0.8","MAE"
"526",0.285209324026979,"BestWSCE","0.8","MAE"
"527",0.300720925622658,"BestWSCE","0.8","MAE"
"528",0.33321486326168,"BestWSCE","0.8","MAE"
"529",0.300468618289597,"BestWSCE","0.8","MAE"
"530",0.340574333902962,"BestWSCE","0.8","MAE"
"531",0.361794594722669,"BestWSCE","0.9","MAE"
"532",0.442019357460838,"BestWSCE","0.9","MAE"
"533",0.420303967405467,"BestWSCE","0.9","MAE"
"534",0.424170733533204,"BestWSCE","0.9","MAE"
"535",0.332644764675675,"BestWSCE","0.9","MAE"
"536",0.325658086056523,"BestWSCE","0.9","MAE"
"537",0.341766206120263,"BestWSCE","0.9","MAE"
"538",0.3784293037186,"BestWSCE","0.9","MAE"
"539",0.343364304267993,"BestWSCE","0.9","MAE"
"540",0.385348718470235,"BestWSCE","0.9","MAE"
"541",0.405184116873965,"BestWSCE","1","MAE"
"542",0.499489504616494,"BestWSCE","1","MAE"
"543",0.46678559863284,"BestWSCE","1","MAE"
"544",0.488014497727671,"BestWSCE","1","MAE"
"545",0.377570897641223,"BestWSCE","1","MAE"
"546",0.366342295297559,"BestWSCE","1","MAE"
"547",0.383176275087142,"BestWSCE","1","MAE"
"548",0.423380303449164,"BestWSCE","1","MAE"
"549",0.386823615228988,"BestWSCE","1","MAE"
"550",0.429549337132181,"BestWSCE","1","MAE"
"551",0.0594300240306317,"hatSigma0","0","MAE"
"552",0.0107497783562777,"hatSigma0","0","MAE"
"553",0.00888626173415302,"hatSigma0","0","MAE"
"554",0.0294459771883452,"hatSigma0","0","MAE"
"555",0.0146429456887373,"hatSigma0","0","MAE"
"556",0.0485114284415325,"hatSigma0","0","MAE"
"557",0.0359976905993038,"hatSigma0","0","MAE"
"558",0.0345097369404361,"hatSigma0","0","MAE"
"559",0.0377280262531323,"hatSigma0","0","MAE"
"560",0.0371427702986596,"hatSigma0","0","MAE"
"561",0.0728065283486003,"hatSigma0","0.1","MAE"
"562",0.0446723490569326,"hatSigma0","0.1","MAE"
"563",0.0397594383680669,"hatSigma0","0.1","MAE"
"564",0.0591801729354153,"hatSigma0","0.1","MAE"
"565",0.0402547401703853,"hatSigma0","0.1","MAE"
"566",0.0755284445233766,"hatSigma0","0.1","MAE"
"567",0.034529303845858,"hatSigma0","0.1","MAE"
"568",0.0370046216487886,"hatSigma0","0.1","MAE"
"569",0.0370538889933065,"hatSigma0","0.1","MAE"
"570",0.0400805493577766,"hatSigma0","0.1","MAE"
"571",0.0873961157452862,"hatSigma0","0.2","MAE"
"572",0.0938368976263426,"hatSigma0","0.2","MAE"
"573",0.0751761776501555,"hatSigma0","0.2","MAE"
"574",0.108930930424824,"hatSigma0","0.2","MAE"
"575",0.0841730683059907,"hatSigma0","0.2","MAE"
"576",0.10058483231538,"hatSigma0","0.2","MAE"
"577",0.0807779946302891,"hatSigma0","0.2","MAE"
"578",0.0799293713074815,"hatSigma0","0.2","MAE"
"579",0.0835767454005363,"hatSigma0","0.2","MAE"
"580",0.0893221100552213,"hatSigma0","0.2","MAE"
"581",0.102842015978248,"hatSigma0","0.3","MAE"
"582",0.144558611294063,"hatSigma0","0.3","MAE"
"583",0.111598789668044,"hatSigma0","0.3","MAE"
"584",0.158904855035624,"hatSigma0","0.3","MAE"
"585",0.128291663043429,"hatSigma0","0.3","MAE"
"586",0.12534297930851,"hatSigma0","0.3","MAE"
"587",0.127977333878698,"hatSigma0","0.3","MAE"
"588",0.126834180802783,"hatSigma0","0.3","MAE"
"589",0.130845347535937,"hatSigma0","0.3","MAE"
"590",0.142463789014234,"hatSigma0","0.3","MAE"
"591",0.135366873786107,"hatSigma0","0.4","MAE"
"592",0.196401110306059,"hatSigma0","0.4","MAE"
"593",0.14805301650016,"hatSigma0","0.4","MAE"
"594",0.208726122230785,"hatSigma0","0.4","MAE"
"595",0.17216710010221,"hatSigma0","0.4","MAE"
"596",0.149564861476267,"hatSigma0","0.4","MAE"
"597",0.175161628721835,"hatSigma0","0.4","MAE"
"598",0.174295426476869,"hatSigma0","0.4","MAE"
"599",0.177996020890095,"hatSigma0","0.4","MAE"
"600",0.195781828063018,"hatSigma0","0.4","MAE"
"601",0.173016706028778,"hatSigma0","0.5","MAE"
"602",0.24897730552129,"hatSigma0","0.5","MAE"
"603",0.184567868136024,"hatSigma0","0.5","MAE"
"604",0.258606656316472,"hatSigma0","0.5","MAE"
"605",0.21584101974681,"hatSigma0","0.5","MAE"
"606",0.173248034478382,"hatSigma0","0.5","MAE"
"607",0.222429766299365,"hatSigma0","0.5","MAE"
"608",0.222011477256111,"hatSigma0","0.5","MAE"
"609",0.224856889275213,"hatSigma0","0.5","MAE"
"610",0.249085781722777,"hatSigma0","0.5","MAE"
"611",0.211034769570364,"hatSigma0","0.6","MAE"
"612",0.302072200527807,"hatSigma0","0.6","MAE"
"613",0.22108624356991,"hatSigma0","0.6","MAE"
"614",0.308529692735996,"hatSigma0","0.6","MAE"
"615",0.259374802502446,"hatSigma0","0.6","MAE"
"616",0.196967297073065,"hatSigma0","0.6","MAE"
"617",0.269760371409622,"hatSigma0","0.6","MAE"
"618",0.269912883236979,"hatSigma0","0.6","MAE"
"619",0.271649560161694,"hatSigma0","0.6","MAE"
"620",0.302324163105394,"hatSigma0","0.6","MAE"
"621",0.249161082662582,"hatSigma0","0.7","MAE"
"622",0.35555705717569,"hatSigma0","0.7","MAE"
"623",0.257735854822611,"hatSigma0","0.7","MAE"
"624",0.358487324073261,"hatSigma0","0.7","MAE"
"625",0.302700193444903,"hatSigma0","0.7","MAE"
"626",0.232859032222719,"hatSigma0","0.7","MAE"
"627",0.31715245399667,"hatSigma0","0.7","MAE"
"628",0.317980269938095,"hatSigma0","0.7","MAE"
"629",0.318471156888677,"hatSigma0","0.7","MAE"
"630",0.355493891263422,"hatSigma0","0.7","MAE"
"631",0.287286512606883,"hatSigma0","0.8","MAE"
"632",0.409417502404385,"hatSigma0","0.8","MAE"
"633",0.294277868311399,"hatSigma0","0.8","MAE"
"634",0.408624205244896,"hatSigma0","0.8","MAE"
"635",0.34590588313659,"hatSigma0","0.8","MAE"
"636",0.269126153539864,"hatSigma0","0.8","MAE"
"637",0.364682925708873,"hatSigma0","0.8","MAE"
"638",0.366235802248208,"hatSigma0","0.8","MAE"
"639",0.36524577541644,"hatSigma0","0.8","MAE"
"640",0.408530694998786,"hatSigma0","0.8","MAE"
"641",0.325418174831028,"hatSigma0","0.9","MAE"
"642",0.463583132620959,"hatSigma0","0.9","MAE"
"643",0.330974495717774,"hatSigma0","0.9","MAE"
"644",0.458729600870341,"hatSigma0","0.9","MAE"
"645",0.388891634894707,"hatSigma0","0.9","MAE"
"646",0.305636887953095,"hatSigma0","0.9","MAE"
"647",0.412495872379299,"hatSigma0","0.9","MAE"
"648",0.414722501729101,"hatSigma0","0.9","MAE"
"649",0.412102201505562,"hatSigma0","0.9","MAE"
"650",0.461741179240366,"hatSigma0","0.9","MAE"
"651",0.363640632431814,"hatSigma0","1","MAE"
"652",0.518080367042389,"hatSigma0","1","MAE"
"653",0.367690776575482,"hatSigma0","1","MAE"
"654",0.508878495201389,"hatSigma0","1","MAE"
"655",0.431432680509252,"hatSigma0","1","MAE"
"656",0.342359224748174,"hatSigma0","1","MAE"
"657",0.461224894874329,"hatSigma0","1","MAE"
"658",0.463941819560804,"hatSigma0","1","MAE"
"659",0.459162160510395,"hatSigma0","1","MAE"
"660",0.514835675948448,"hatSigma0","1","MAE"
"661",0.0597312260904359,"hatSigma","0","MAE"
"662",0.0134793471960468,"hatSigma","0","MAE"
"663",0.00888626173415302,"hatSigma","0","MAE"
"664",0.0294459771883452,"hatSigma","0","MAE"
"665",0.0146429456887373,"hatSigma","0","MAE"
"666",0.0485114284415325,"hatSigma","0","MAE"
"667",0.0359976905993038,"hatSigma","0","MAE"
"668",0.0345097369404361,"hatSigma","0","MAE"
"669",0.0377280262531323,"hatSigma","0","MAE"
"670",0.0371427702986596,"hatSigma","0","MAE"
"671",0.073716519999524,"hatSigma","0.1","MAE"
"672",0.0438727611023315,"hatSigma","0.1","MAE"
"673",0.0397594383680669,"hatSigma","0.1","MAE"
"674",0.0591801729354153,"hatSigma","0.1","MAE"
"675",0.0402547401703853,"hatSigma","0.1","MAE"
"676",0.0755284445233766,"hatSigma","0.1","MAE"
"677",0.034529303845858,"hatSigma","0.1","MAE"
"678",0.0376629204802922,"hatSigma","0.1","MAE"
"679",0.0370538889933065,"hatSigma","0.1","MAE"
"680",0.0400805493577766,"hatSigma","0.1","MAE"
"681",0.0953518581116468,"hatSigma","0.2","MAE"
"682",0.0919570430588447,"hatSigma","0.2","MAE"
"683",0.0712331343186571,"hatSigma","0.2","MAE"
"684",0.108930930424824,"hatSigma","0.2","MAE"
"685",0.0841730683059907,"hatSigma","0.2","MAE"
"686",0.106101716894341,"hatSigma","0.2","MAE"
"687",0.0807779946302891,"hatSigma","0.2","MAE"
"688",0.0757886349020413,"hatSigma","0.2","MAE"
"689",0.0835767454005363,"hatSigma","0.2","MAE"
"690",0.0893221100552213,"hatSigma","0.2","MAE"
"691",0.123075797721693,"hatSigma","0.3","MAE"
"692",0.139836394735446,"hatSigma","0.3","MAE"
"693",0.103239245288963,"hatSigma","0.3","MAE"
"694",0.158904855035624,"hatSigma","0.3","MAE"
"695",0.128291663043429,"hatSigma","0.3","MAE"
"696",0.146713267191723,"hatSigma","0.3","MAE"
"697",0.127977333878698,"hatSigma","0.3","MAE"
"698",0.113817412086885,"hatSigma","0.3","MAE"
"699",0.130845347535937,"hatSigma","0.3","MAE"
"700",0.142463789014234,"hatSigma","0.3","MAE"
"701",0.150315483432017,"hatSigma","0.4","MAE"
"702",0.185334779127464,"hatSigma","0.4","MAE"
"703",0.130037244611415,"hatSigma","0.4","MAE"
"704",0.208726122230785,"hatSigma","0.4","MAE"
"705",0.160280419085761,"hatSigma","0.4","MAE"
"706",0.184576367382765,"hatSigma","0.4","MAE"
"707",0.172724952616862,"hatSigma","0.4","MAE"
"708",0.146263009275958,"hatSigma","0.4","MAE"
"709",0.177996020890095,"hatSigma","0.4","MAE"
"710",0.195781828063018,"hatSigma","0.4","MAE"
"711",0.17422623683198,"hatSigma","0.5","MAE"
"712",0.226776536925572,"hatSigma","0.5","MAE"
"713",0.150486429541839,"hatSigma","0.5","MAE"
"714",0.258606656316472,"hatSigma","0.5","MAE"
"715",0.182276659383896,"hatSigma","0.5","MAE"
"716",0.216884208942156,"hatSigma","0.5","MAE"
"717",0.193206193441916,"hatSigma","0.5","MAE"
"718",0.17203007704268,"hatSigma","0.5","MAE"
"719",0.224856889275213,"hatSigma","0.5","MAE"
"720",0.249085781722777,"hatSigma","0.5","MAE"
"721",0.194103406389821,"hatSigma","0.6","MAE"
"722",0.262780942212704,"hatSigma","0.6","MAE"
"723",0.164367130353351,"hatSigma","0.6","MAE"
"724",0.297661801915597,"hatSigma","0.6","MAE"
"725",0.196980133721308,"hatSigma","0.6","MAE"
"726",0.243846745833946,"hatSigma","0.6","MAE"
"727",0.202972435658813,"hatSigma","0.6","MAE"
"728",0.192065414405285,"hatSigma","0.6","MAE"
"729",0.245804631808313,"hatSigma","0.6","MAE"
"730",0.299702607881637,"hatSigma","0.6","MAE"
"731",0.209725446605619,"hatSigma","0.7","MAE"
"732",0.292080358206682,"hatSigma","0.7","MAE"
"733",0.171226820475116,"hatSigma","0.7","MAE"
"734",0.318751662587156,"hatSigma","0.7","MAE"
"735",0.206122085868151,"hatSigma","0.7","MAE"
"736",0.265192280004209,"hatSigma","0.7","MAE"
"737",0.205341756105857,"hatSigma","0.7","MAE"
"738",0.206100215672216,"hatSigma","0.7","MAE"
"739",0.246430556462605,"hatSigma","0.7","MAE"
"740",0.328023608570602,"hatSigma","0.7","MAE"
"741",0.220837473899201,"hatSigma","0.8","MAE"
"742",0.314959108781783,"hatSigma","0.8","MAE"
"743",0.170627549567492,"hatSigma","0.8","MAE"
"744",0.327681148742689,"hatSigma","0.8","MAE"
"745",0.209835120902739,"hatSigma","0.8","MAE"
"746",0.2799535567995,"hatSigma","0.8","MAE"
"747",0.20298741904174,"hatSigma","0.8","MAE"
"748",0.214593901301695,"hatSigma","0.8","MAE"
"749",0.235880885396831,"hatSigma","0.8","MAE"
"750",0.347634917600175,"hatSigma","0.8","MAE"
"751",0.225735504234793,"hatSigma","0.9","MAE"
"752",0.331715978577798,"hatSigma","0.9","MAE"
"753",0.159903925233767,"hatSigma","0.9","MAE"
"754",0.323424013438357,"hatSigma","0.9","MAE"
"755",0.207564377496697,"hatSigma","0.9","MAE"
"756",0.284270834395114,"hatSigma","0.9","MAE"
"757",0.195231325628937,"hatSigma","0.9","MAE"
"758",0.216868959875758,"hatSigma","0.9","MAE"
"759",0.21252480195324,"hatSigma","0.9","MAE"
"760",0.35556310595291,"hatSigma","0.9","MAE"
"761",0.220878243396183,"hatSigma","1","MAE"
"762",0.345091932960203,"hatSigma","1","MAE"
"763",0.124887155721637,"hatSigma","1","MAE"
"764",0.289331621226857,"hatSigma","1","MAE"
"765",0.200784723339049,"hatSigma","1","MAE"
"766",0.258545027483005,"hatSigma","1","MAE"
"767",0.174722541450125,"hatSigma","1","MAE"
"768",0.208171092035535,"hatSigma","1","MAE"
"769",0.166144833705592,"hatSigma","1","MAE"
"770",0.354962638339566,"hatSigma","1","MAE"
"771",0.125811981663015,"new","0","MAE"
"772",0.125811981663015,"new","0","MAE"
"773",0.125811981663015,"new","0","MAE"
"774",0.125811981663015,"new","0","MAE"
"775",0.125811981663015,"new","0","MAE"
"776",0.125811981663015,"new","0","MAE"
"777",0.125811981663015,"new","0","MAE"
"778",0.125811981663015,"new","0","MAE"
"779",0.125811981663015,"new","0","MAE"
"780",0.125811981663015,"new","0","MAE"
"781",0.146438988624919,"new","0.1","MAE"
"782",0.146438988624919,"new","0.1","MAE"
"783",0.146438988624919,"new","0.1","MAE"
"784",0.146438988624919,"new","0.1","MAE"
"785",0.146438988624919,"new","0.1","MAE"
"786",0.146438988624919,"new","0.1","MAE"
"787",0.146438988624919,"new","0.1","MAE"
"788",0.146438988624919,"new","0.1","MAE"
"789",0.146438988624919,"new","0.1","MAE"
"790",0.146438988624919,"new","0.1","MAE"
"791",0.167065995586823,"new","0.2","MAE"
"792",0.167065995586823,"new","0.2","MAE"
"793",0.167065995586823,"new","0.2","MAE"
"794",0.167065995586823,"new","0.2","MAE"
"795",0.167065995586823,"new","0.2","MAE"
"796",0.167065995586823,"new","0.2","MAE"
"797",0.167065995586823,"new","0.2","MAE"
"798",0.167065995586823,"new","0.2","MAE"
"799",0.167065995586823,"new","0.2","MAE"
"800",0.167065995586823,"new","0.2","MAE"
"801",0.187693002548726,"new","0.3","MAE"
"802",0.187693002548726,"new","0.3","MAE"
"803",0.187693002548726,"new","0.3","MAE"
"804",0.187693002548726,"new","0.3","MAE"
"805",0.187693002548726,"new","0.3","MAE"
"806",0.187693002548726,"new","0.3","MAE"
"807",0.187693002548726,"new","0.3","MAE"
"808",0.187693002548726,"new","0.3","MAE"
"809",0.187693002548726,"new","0.3","MAE"
"810",0.187693002548726,"new","0.3","MAE"
"811",0.20832000951063,"new","0.4","MAE"
"812",0.20832000951063,"new","0.4","MAE"
"813",0.20832000951063,"new","0.4","MAE"
"814",0.20832000951063,"new","0.4","MAE"
"815",0.20832000951063,"new","0.4","MAE"
"816",0.20832000951063,"new","0.4","MAE"
"817",0.20832000951063,"new","0.4","MAE"
"818",0.20832000951063,"new","0.4","MAE"
"819",0.20832000951063,"new","0.4","MAE"
"820",0.20832000951063,"new","0.4","MAE"
"821",0.228947016472534,"new","0.5","MAE"
"822",0.228947016472534,"new","0.5","MAE"
"823",0.228947016472534,"new","0.5","MAE"
"824",0.228947016472534,"new","0.5","MAE"
"825",0.228947016472534,"new","0.5","MAE"
"826",0.228947016472534,"new","0.5","MAE"
"827",0.228947016472534,"new","0.5","MAE"
"828",0.228947016472534,"new","0.5","MAE"
"829",0.228947016472534,"new","0.5","MAE"
"830",0.228947016472534,"new","0.5","MAE"
"831",0.249574023434437,"new","0.6","MAE"
"832",0.249574023434437,"new","0.6","MAE"
"833",0.249574023434437,"new","0.6","MAE"
"834",0.249574023434437,"new","0.6","MAE"
"835",0.249574023434437,"new","0.6","MAE"
"836",0.249574023434437,"new","0.6","MAE"
"837",0.249574023434437,"new","0.6","MAE"
"838",0.249574023434437,"new","0.6","MAE"
"839",0.249574023434437,"new","0.6","MAE"
"840",0.249574023434437,"new","0.6","MAE"
"841",0.270201030396341,"new","0.7","MAE"
"842",0.270201030396341,"new","0.7","MAE"
"843",0.270201030396341,"new","0.7","MAE"
"844",0.270201030396341,"new","0.7","MAE"
"845",0.270201030396341,"new","0.7","MAE"
"846",0.270201030396341,"new","0.7","MAE"
"847",0.270201030396341,"new","0.7","MAE"
"848",0.270201030396341,"new","0.7","MAE"
"849",0.270201030396341,"new","0.7","MAE"
"850",0.270201030396341,"new","0.7","MAE"
"851",0.290828037358244,"new","0.8","MAE"
"852",0.290828037358244,"new","0.8","MAE"
"853",0.290828037358244,"new","0.8","MAE"
"854",0.290828037358244,"new","0.8","MAE"
"855",0.290828037358244,"new","0.8","MAE"
"856",0.290828037358244,"new","0.8","MAE"
"857",0.290828037358244,"new","0.8","MAE"
"858",0.290828037358244,"new","0.8","MAE"
"859",0.290828037358244,"new","0.8","MAE"
"860",0.290828037358244,"new","0.8","MAE"
"861",0.311455044320148,"new","0.9","MAE"
"862",0.311455044320148,"new","0.9","MAE"
"863",0.311455044320148,"new","0.9","MAE"
"864",0.311455044320148,"new","0.9","MAE"
"865",0.311455044320148,"new","0.9","MAE"
"866",0.311455044320148,"new","0.9","MAE"
"867",0.311455044320148,"new","0.9","MAE"
"868",0.311455044320148,"new","0.9","MAE"
"869",0.311455044320148,"new","0.9","MAE"
"870",0.311455044320148,"new","0.9","MAE"
"871",0.332082051282051,"new","1","MAE"
"872",0.332082051282051,"new","1","MAE"
"873",0.332082051282051,"new","1","MAE"
"874",0.332082051282051,"new","1","MAE"
"875",0.332082051282051,"new","1","MAE"
"876",0.332082051282051,"new","1","MAE"
"877",0.332082051282051,"new","1","MAE"
"878",0.332082051282051,"new","1","MAE"
"879",0.332082051282051,"new","1","MAE"
"880",0.332082051282051,"new","1","MAE"
"881",0.352537416905076,"Pearson","0","RMSE"
"882",0.342169991158159,"Pearson","0","RMSE"
"883",0.340401138381708,"Pearson","0","RMSE"
"884",0.340554040998597,"Pearson","0","RMSE"
"885",0.347460947068565,"Pearson","0","RMSE"
"886",0.354906419018651,"Pearson","0","RMSE"
"887",0.341587079987781,"Pearson","0","RMSE"
"888",0.34316191516608,"Pearson","0","RMSE"
"889",0.34923545278114,"Pearson","0","RMSE"
"890",0.341537826834774,"Pearson","0","RMSE"
"891",0.353737194110838,"Pearson","0.1","RMSE"
"892",0.339169472034254,"Pearson","0.1","RMSE"
"893",0.341026256271064,"Pearson","0.1","RMSE"
"894",0.338451315373227,"Pearson","0.1","RMSE"
"895",0.352024262903179,"Pearson","0.1","RMSE"
"896",0.365367808128812,"Pearson","0.1","RMSE"
"897",0.342105697207837,"Pearson","0.1","RMSE"
"898",0.345303376687603,"Pearson","0.1","RMSE"
"899",0.350326756590796,"Pearson","0.1","RMSE"
"900",0.344345109268627,"Pearson","0.1","RMSE"
"901",0.357230615082492,"Pearson","0.2","RMSE"
"902",0.338497463228204,"Pearson","0.2","RMSE"
"903",0.342509318043257,"Pearson","0.2","RMSE"
"904",0.338924299312466,"Pearson","0.2","RMSE"
"905",0.357007116985884,"Pearson","0.2","RMSE"
"906",0.379781734249133,"Pearson","0.2","RMSE"
"907",0.341645799537299,"Pearson","0.2","RMSE"
"908",0.349794661785687,"Pearson","0.2","RMSE"
"909",0.35116500098818,"Pearson","0.2","RMSE"
"910",0.345312276605339,"Pearson","0.2","RMSE"
"911",0.359023192616477,"Pearson","0.3","RMSE"
"912",0.339464443280177,"Pearson","0.3","RMSE"
"913",0.342965350065482,"Pearson","0.3","RMSE"
"914",0.340440802333412,"Pearson","0.3","RMSE"
"915",0.361525904322515,"Pearson","0.3","RMSE"
"916",0.397696716550373,"Pearson","0.3","RMSE"
"917",0.338985043711198,"Pearson","0.3","RMSE"
"918",0.353594182561814,"Pearson","0.3","RMSE"
"919",0.351247312231837,"Pearson","0.3","RMSE"
"920",0.340146686876734,"Pearson","0.3","RMSE"
"921",0.360471506098911,"Pearson","0.4","RMSE"
"922",0.341521955360836,"Pearson","0.4","RMSE"
"923",0.338832219700285,"Pearson","0.4","RMSE"
"924",0.342198109542138,"Pearson","0.4","RMSE"
"925",0.364940803501397,"Pearson","0.4","RMSE"
"926",0.415720700360527,"Pearson","0.4","RMSE"
"927",0.333059394629028,"Pearson","0.4","RMSE"
"928",0.355414871102269,"Pearson","0.4","RMSE"
"929",0.349599773611401,"Pearson","0.4","RMSE"
"930",0.335143859865279,"Pearson","0.4","RMSE"
"931",0.361258939873449,"Pearson","0.5","RMSE"
"932",0.344003822289978,"Pearson","0.5","RMSE"
"933",0.326057969963531,"Pearson","0.5","RMSE"
"934",0.343047204402189,"Pearson","0.5","RMSE"
"935",0.36719193282894,"Pearson","0.5","RMSE"
"936",0.425781328323376,"Pearson","0.5","RMSE"
"937",0.322931227224661,"Pearson","0.5","RMSE"
"938",0.354611270144507,"Pearson","0.5","RMSE"
"939",0.346080772047553,"Pearson","0.5","RMSE"
"940",0.326853164229343,"Pearson","0.5","RMSE"
"941",0.361125763846271,"Pearson","0.6","RMSE"
"942",0.345776163170141,"Pearson","0.6","RMSE"
"943",0.312418937042428,"Pearson","0.6","RMSE"
"944",0.342492236577963,"Pearson","0.6","RMSE"
"945",0.368230743178565,"Pearson","0.6","RMSE"
"946",0.439522096329128,"Pearson","0.6","RMSE"
"947",0.308026353200371,"Pearson","0.6","RMSE"
"948",0.349737066466488,"Pearson","0.6","RMSE"
"949",0.340006256325078,"Pearson","0.6","RMSE"
"950",0.314331569452703,"Pearson","0.6","RMSE"
"951",0.349920288774712,"Pearson","0.7","RMSE"
"952",0.344396243189909,"Pearson","0.7","RMSE"
"953",0.292797282389559,"Pearson","0.7","RMSE"
"954",0.33931650933589,"Pearson","0.7","RMSE"
"955",0.364324863184419,"Pearson","0.7","RMSE"
"956",0.449715117459804,"Pearson","0.7","RMSE"
"957",0.288303118307518,"Pearson","0.7","RMSE"
"958",0.337501922326049,"Pearson","0.7","RMSE"
"959",0.328767286672887,"Pearson","0.7","RMSE"
"960",0.296648334953234,"Pearson","0.7","RMSE"
"961",0.342677131883835,"Pearson","0.8","RMSE"
"962",0.334999373384624,"Pearson","0.8","RMSE"
"963",0.266979622242323,"Pearson","0.8","RMSE"
"964",0.331703120574425,"Pearson","0.8","RMSE"
"965",0.35840499162164,"Pearson","0.8","RMSE"
"966",0.452668193423126,"Pearson","0.8","RMSE"
"967",0.263727293140395,"Pearson","0.8","RMSE"
"968",0.313868490580105,"Pearson","0.8","RMSE"
"969",0.306212959088563,"Pearson","0.8","RMSE"
"970",0.271838640135375,"Pearson","0.8","RMSE"
"971",0.330359649211023,"Pearson","0.9","RMSE"
"972",0.313954055360844,"Pearson","0.9","RMSE"
"973",0.234918995495436,"Pearson","0.9","RMSE"
"974",0.316406863957815,"Pearson","0.9","RMSE"
"975",0.343631776242755,"Pearson","0.9","RMSE"
"976",0.442008161210646,"Pearson","0.9","RMSE"
"977",0.236430414130958,"Pearson","0.9","RMSE"
"978",0.285363296263953,"Pearson","0.9","RMSE"
"979",0.264453256086561,"Pearson","0.9","RMSE"
"980",0.237396094288529,"Pearson","0.9","RMSE"
"981",0.310758873570126,"Pearson","1","RMSE"
"982",0.277358964190488,"Pearson","1","RMSE"
"983",0.195479608049706,"Pearson","1","RMSE"
"984",0.229995814282567,"Pearson","1","RMSE"
"985",0.282314789262303,"Pearson","1","RMSE"
"986",0.398049173495245,"Pearson","1","RMSE"
"987",0.215555669131594,"Pearson","1","RMSE"
"988",0.245720078370852,"Pearson","1","RMSE"
"989",0.194737983000648,"Pearson","1","RMSE"
"990",0.190439028866997,"Pearson","1","RMSE"
"991",0.331105884424375,"LW","0","RMSE"
"992",0.320014092591425,"LW","0","RMSE"
"993",0.312527074713925,"LW","0","RMSE"
"994",0.312714048379133,"LW","0","RMSE"
"995",0.313535774353789,"LW","0","RMSE"
"996",0.327278775576448,"LW","0","RMSE"
"997",0.307523872882758,"LW","0","RMSE"
"998",0.319325819152582,"LW","0","RMSE"
"999",0.317086831351358,"LW","0","RMSE"
"1000",0.311966343578248,"LW","0","RMSE"
"1001",0.334818286141736,"LW","0.1","RMSE"
"1002",0.318628655008559,"LW","0.1","RMSE"
"1003",0.316089874842563,"LW","0.1","RMSE"
"1004",0.305371715999492,"LW","0.1","RMSE"
"1005",0.320492864910928,"LW","0.1","RMSE"
"1006",0.341996371598478,"LW","0.1","RMSE"
"1007",0.314224846259408,"LW","0.1","RMSE"
"1008",0.323153655519986,"LW","0.1","RMSE"
"1009",0.319006245509604,"LW","0.1","RMSE"
"1010",0.320996712942188,"LW","0.1","RMSE"
"1011",0.338930871402667,"LW","0.2","RMSE"
"1012",0.320598768450357,"LW","0.2","RMSE"
"1013",0.321804818140972,"LW","0.2","RMSE"
"1014",0.311222654818668,"LW","0.2","RMSE"
"1015",0.330751806611241,"LW","0.2","RMSE"
"1016",0.36259990621726,"LW","0.2","RMSE"
"1017",0.319510704348277,"LW","0.2","RMSE"
"1018",0.328708537647568,"LW","0.2","RMSE"
"1019",0.324170087255779,"LW","0.2","RMSE"
"1020",0.326482410125997,"LW","0.2","RMSE"
"1021",0.344548882086422,"LW","0.3","RMSE"
"1022",0.324012864831585,"LW","0.3","RMSE"
"1023",0.326725690196495,"LW","0.3","RMSE"
"1024",0.316385834199582,"LW","0.3","RMSE"
"1025",0.340568323872926,"LW","0.3","RMSE"
"1026",0.385908571617344,"LW","0.3","RMSE"
"1027",0.321560018021079,"LW","0.3","RMSE"
"1028",0.335427766532274,"LW","0.3","RMSE"
"1029",0.329168245575457,"LW","0.3","RMSE"
"1030",0.324864253313024,"LW","0.3","RMSE"
"1031",0.349779145370316,"LW","0.4","RMSE"
"1032",0.328553281274714,"LW","0.4","RMSE"
"1033",0.326815720545357,"LW","0.4","RMSE"
"1034",0.322525040685532,"LW","0.4","RMSE"
"1035",0.348872221788908,"LW","0.4","RMSE"
"1036",0.408072597472326,"LW","0.4","RMSE"
"1037",0.319831831752248,"LW","0.4","RMSE"
"1038",0.342048348457461,"LW","0.4","RMSE"
"1039",0.332623720256616,"LW","0.4","RMSE"
"1040",0.323079198990123,"LW","0.4","RMSE"
"1041",0.353872991193531,"LW","0.5","RMSE"
"1042",0.333964921748816,"LW","0.5","RMSE"
"1043",0.317506113647129,"LW","0.5","RMSE"
"1044",0.327985476060072,"LW","0.5","RMSE"
"1045",0.355532135767865,"LW","0.5","RMSE"
"1046",0.421060231192622,"LW","0.5","RMSE"
"1047",0.313371717251205,"LW","0.5","RMSE"
"1048",0.345246820991033,"LW","0.5","RMSE"
"1049",0.334061028837411,"LW","0.5","RMSE"
"1050",0.31773127484025,"LW","0.5","RMSE"
"1051",0.356498753144032,"LW","0.6","RMSE"
"1052",0.338808229839371,"LW","0.6","RMSE"
"1053",0.306791673107693,"LW","0.6","RMSE"
"1054",0.331982197694104,"LW","0.6","RMSE"
"1055",0.360424196920204,"LW","0.6","RMSE"
"1056",0.436881794141837,"LW","0.6","RMSE"
"1057",0.301587832509276,"LW","0.6","RMSE"
"1058",0.343602303879853,"LW","0.6","RMSE"
"1059",0.332249691120738,"LW","0.6","RMSE"
"1060",0.307894540877476,"LW","0.6","RMSE"
"1061",0.347297834870265,"LW","0.7","RMSE"
"1062",0.340196660483773,"LW","0.7","RMSE"
"1063",0.289533602174224,"LW","0.7","RMSE"
"1064",0.332974116708901,"LW","0.7","RMSE"
"1065",0.359646884927133,"LW","0.7","RMSE"
"1066",0.448416496737874,"LW","0.7","RMSE"
"1067",0.284433557832753,"LW","0.7","RMSE"
"1068",0.333891738530766,"LW","0.7","RMSE"
"1069",0.324390282716694,"LW","0.7","RMSE"
"1070",0.292580673998298,"LW","0.7","RMSE"
"1071",0.341531331256482,"LW","0.8","RMSE"
"1072",0.332963792648973,"LW","0.8","RMSE"
"1073",0.265490155104444,"LW","0.8","RMSE"
"1074",0.328765059660159,"LW","0.8","RMSE"
"1075",0.356152218861092,"LW","0.8","RMSE"
"1076",0.452157076390631,"LW","0.8","RMSE"
"1077",0.261838130887176,"LW","0.8","RMSE"
"1078",0.312134039061425,"LW","0.8","RMSE"
"1079",0.304204609116732,"LW","0.8","RMSE"
"1080",0.269725494229035,"LW","0.8","RMSE"
"1081",0.330059809278922,"LW","0.9","RMSE"
"1082",0.313346942228499,"LW","0.9","RMSE"
"1083",0.234521347011439,"LW","0.9","RMSE"
"1084",0.315690524153193,"LW","0.9","RMSE"
"1085",0.342974207833345,"LW","0.9","RMSE"
"1086",0.441887117542444,"LW","0.9","RMSE"
"1087",0.23587227630095,"LW","0.9","RMSE"
"1088",0.284878497960075,"LW","0.9","RMSE"
"1089",0.263881416202178,"LW","0.9","RMSE"
"1090",0.236705857280551,"LW","0.9","RMSE"
"1091",0.310755784840043,"LW","1","RMSE"
"1092",0.277351825964255,"LW","1","RMSE"
"1093",0.195475628298481,"LW","1","RMSE"
"1094",0.229988464744501,"LW","1","RMSE"
"1095",0.28230654200657,"LW","1","RMSE"
"1096",0.398047798207203,"LW","1","RMSE"
"1097",0.215549518107757,"LW","1","RMSE"
"1098",0.245715069357612,"LW","1","RMSE"
"1099",0.194729993529705,"LW","1","RMSE"
"1100",0.190428930261364,"LW","1","RMSE"
"1101",0.124214313274843,"Sparse","0","RMSE"
"1102",0.120135535264477,"Sparse","0","RMSE"
"1103",0.118216882887636,"Sparse","0","RMSE"
"1104",0.124723600051812,"Sparse","0","RMSE"
"1105",0.124920000612492,"Sparse","0","RMSE"
"1106",0.124959304032303,"Sparse","0","RMSE"
"1107",0.124933483484327,"Sparse","0","RMSE"
"1108",0.124833409449472,"Sparse","0","RMSE"
"1109",0.124943666987369,"Sparse","0","RMSE"
"1110",0.124933483484327,"Sparse","0","RMSE"
"1111",0.14719314044736,"Sparse","0.1","RMSE"
"1112",0.141770607872525,"Sparse","0.1","RMSE"
"1113",0.143298555366683,"Sparse","0.1","RMSE"
"1114",0.141920175953604,"Sparse","0.1","RMSE"
"1115",0.151636661269503,"Sparse","0.1","RMSE"
"1116",0.151785116978485,"Sparse","0.1","RMSE"
"1117",0.151636661269503,"Sparse","0.1","RMSE"
"1118",0.144841635508541,"Sparse","0.1","RMSE"
"1119",0.15163884909601,"Sparse","0.1","RMSE"
"1120",0.151636661269503,"Sparse","0.1","RMSE"
"1121",0.184576704084563,"Sparse","0.2","RMSE"
"1122",0.175492477332922,"Sparse","0.2","RMSE"
"1123",0.163648428320839,"Sparse","0.2","RMSE"
"1124",0.174196303402211,"Sparse","0.2","RMSE"
"1125",0.188637038918085,"Sparse","0.2","RMSE"
"1126",0.198130035412252,"Sparse","0.2","RMSE"
"1127",0.188066857595564,"Sparse","0.2","RMSE"
"1128",0.183230758466735,"Sparse","0.2","RMSE"
"1129",0.188594809476178,"Sparse","0.2","RMSE"
"1130",0.187792567681534,"Sparse","0.2","RMSE"
"1131",0.208889177649821,"Sparse","0.3","RMSE"
"1132",0.214612202335372,"Sparse","0.3","RMSE"
"1133",0.195795292628332,"Sparse","0.3","RMSE"
"1134",0.212883987698108,"Sparse","0.3","RMSE"
"1135",0.230670753181914,"Sparse","0.3","RMSE"
"1136",0.231695107852291,"Sparse","0.3","RMSE"
"1137",0.217986568407008,"Sparse","0.3","RMSE"
"1138",0.20796516380721,"Sparse","0.3","RMSE"
"1139",0.226102402466039,"Sparse","0.3","RMSE"
"1140",0.208652363414958,"Sparse","0.3","RMSE"
"1141",0.24606400843242,"Sparse","0.4","RMSE"
"1142",0.228005800284652,"Sparse","0.4","RMSE"
"1143",0.215360288702785,"Sparse","0.4","RMSE"
"1144",0.226490977550249,"Sparse","0.4","RMSE"
"1145",0.263020763174458,"Sparse","0.4","RMSE"
"1146",0.264581743015426,"Sparse","0.4","RMSE"
"1147",0.258006663188614,"Sparse","0.4","RMSE"
"1148",0.237556946230857,"Sparse","0.4","RMSE"
"1149",0.241356909477699,"Sparse","0.4","RMSE"
"1150",0.243946401644345,"Sparse","0.4","RMSE"
"1151",0.259692865151652,"Sparse","0.5","RMSE"
"1152",0.262256112695393,"Sparse","0.5","RMSE"
"1153",0.234568630647641,"Sparse","0.5","RMSE"
"1154",0.256868881266191,"Sparse","0.5","RMSE"
"1155",0.303272763669681,"Sparse","0.5","RMSE"
"1156",0.296225133180096,"Sparse","0.5","RMSE"
"1157",0.248324881403695,"Sparse","0.5","RMSE"
"1158",0.263985972291383,"Sparse","0.5","RMSE"
"1159",0.264878122127899,"Sparse","0.5","RMSE"
"1160",0.28165362916148,"Sparse","0.5","RMSE"
"1161",0.290612070561165,"Sparse","0.6","RMSE"
"1162",0.277187523917693,"Sparse","0.6","RMSE"
"1163",0.247917031885015,"Sparse","0.6","RMSE"
"1164",0.269110669761308,"Sparse","0.6","RMSE"
"1165",0.305644026885852,"Sparse","0.6","RMSE"
"1166",0.356504230752338,"Sparse","0.6","RMSE"
"1167",0.268964907786183,"Sparse","0.6","RMSE"
"1168",0.276965054838302,"Sparse","0.6","RMSE"
"1169",0.286659234752111,"Sparse","0.6","RMSE"
"1170",0.256172195371197,"Sparse","0.6","RMSE"
"1171",0.29801878470335,"Sparse","0.7","RMSE"
"1172",0.298208614544214,"Sparse","0.7","RMSE"
"1173",0.245775816392497,"Sparse","0.7","RMSE"
"1174",0.284985001194537,"Sparse","0.7","RMSE"
"1175",0.330810905173904,"Sparse","0.7","RMSE"
"1176",0.403006231550866,"Sparse","0.7","RMSE"
"1177",0.241018581227319,"Sparse","0.7","RMSE"
"1178",0.284891729067686,"Sparse","0.7","RMSE"
"1179",0.271554667235905,"Sparse","0.7","RMSE"
"1180",0.26986703829166,"Sparse","0.7","RMSE"
"1181",0.315045843505125,"Sparse","0.8","RMSE"
"1182",0.304472010561749,"Sparse","0.8","RMSE"
"1183",0.237566038911598,"Sparse","0.8","RMSE"
"1184",0.297976130949292,"Sparse","0.8","RMSE"
"1185",0.321147506013313,"Sparse","0.8","RMSE"
"1186",0.412238740816294,"Sparse","0.8","RMSE"
"1187",0.229166590049724,"Sparse","0.8","RMSE"
"1188",0.281964998336671,"Sparse","0.8","RMSE"
"1189",0.269161570338419,"Sparse","0.8","RMSE"
"1190",0.240581703134327,"Sparse","0.8","RMSE"
"1191",0.317926728866721,"Sparse","0.9","RMSE"
"1192",0.299970068584114,"Sparse","0.9","RMSE"
"1193",0.221841660333937,"Sparse","0.9","RMSE"
"1194",0.282924756533147,"Sparse","0.9","RMSE"
"1195",0.324152340043685,"Sparse","0.9","RMSE"
"1196",0.430509073872923,"Sparse","0.9","RMSE"
"1197",0.217097136631874,"Sparse","0.9","RMSE"
"1198",0.266397817878732,"Sparse","0.9","RMSE"
"1199",0.243032142897026,"Sparse","0.9","RMSE"
"1200",0.215164898300563,"Sparse","0.9","RMSE"
"1201",0.309269684915588,"Sparse","1","RMSE"
"1202",0.27537419769463,"Sparse","1","RMSE"
"1203",0.193457838254554,"Sparse","1","RMSE"
"1204",0.225011881448941,"Sparse","1","RMSE"
"1205",0.278795924040789,"Sparse","1","RMSE"
"1206",0.396921174663031,"Sparse","1","RMSE"
"1207",0.212061917337033,"Sparse","1","RMSE"
"1208",0.243389414515551,"Sparse","1","RMSE"
"1209",0.193048359572047,"Sparse","1","RMSE"
"1210",0.188802254896704,"Sparse","1","RMSE"
"1211",0.158160479820022,"FM","0","RMSE"
"1212",0.157685446516189,"FM","0","RMSE"
"1213",0.155005486536211,"FM","0","RMSE"
"1214",0.148693793796358,"FM","0","RMSE"
"1215",0.156111244065449,"FM","0","RMSE"
"1216",0.159948089760535,"FM","0","RMSE"
"1217",0.152746148457266,"FM","0","RMSE"
"1218",0.15751808516617,"FM","0","RMSE"
"1219",0.153594531615963,"FM","0","RMSE"
"1220",0.154131985810053,"FM","0","RMSE"
"1221",0.176754197319327,"FM","0.1","RMSE"
"1222",0.171535404812102,"FM","0.1","RMSE"
"1223",0.171090085578515,"FM","0.1","RMSE"
"1224",0.163406941560318,"FM","0.1","RMSE"
"1225",0.171972061257485,"FM","0.1","RMSE"
"1226",0.187292578445682,"FM","0.1","RMSE"
"1227",0.169055452609512,"FM","0.1","RMSE"
"1228",0.176846456887653,"FM","0.1","RMSE"
"1229",0.170240275250277,"FM","0.1","RMSE"
"1230",0.170503374969152,"FM","0.1","RMSE"
"1231",0.201122344393449,"FM","0.2","RMSE"
"1232",0.192565404376997,"FM","0.2","RMSE"
"1233",0.191569022938331,"FM","0.2","RMSE"
"1234",0.186141913692533,"FM","0.2","RMSE"
"1235",0.196251499701013,"FM","0.2","RMSE"
"1236",0.224175328709263,"FM","0.2","RMSE"
"1237",0.190885443593701,"FM","0.2","RMSE"
"1238",0.202605470076119,"FM","0.2","RMSE"
"1239",0.195233871596319,"FM","0.2","RMSE"
"1240",0.191387478167892,"FM","0.2","RMSE"
"1241",0.224688707147279,"FM","0.3","RMSE"
"1242",0.21630070586415,"FM","0.3","RMSE"
"1243",0.211400965020143,"FM","0.3","RMSE"
"1244",0.210920648335415,"FM","0.3","RMSE"
"1245",0.223373632055483,"FM","0.3","RMSE"
"1246",0.261104955619878,"FM","0.3","RMSE"
"1247",0.212989721774714,"FM","0.3","RMSE"
"1248",0.228128199087691,"FM","0.3","RMSE"
"1249",0.222105898031774,"FM","0.3","RMSE"
"1250",0.212811317480166,"FM","0.3","RMSE"
"1251",0.245251892054923,"FM","0.4","RMSE"
"1252",0.239394008539012,"FM","0.4","RMSE"
"1253",0.227581647786077,"FM","0.4","RMSE"
"1254",0.234450015086743,"FM","0.4","RMSE"
"1255",0.249306864859774,"FM","0.4","RMSE"
"1256",0.294543050161698,"FM","0.4","RMSE"
"1257",0.231554372166023,"FM","0.4","RMSE"
"1258",0.250176533509084,"FM","0.4","RMSE"
"1259",0.246450977049788,"FM","0.4","RMSE"
"1260",0.231677621677692,"FM","0.4","RMSE"
"1261",0.26197991175944,"FM","0.5","RMSE"
"1262",0.259681502149936,"FM","0.5","RMSE"
"1263",0.238593343126342,"FM","0.5","RMSE"
"1264",0.254902682249231,"FM","0.5","RMSE"
"1265",0.271912091476829,"FM","0.5","RMSE"
"1266",0.323665097788281,"FM","0.5","RMSE"
"1267",0.244407821766956,"FM","0.5","RMSE"
"1268",0.267208520014219,"FM","0.5","RMSE"
"1269",0.265439822061169,"FM","0.5","RMSE"
"1270",0.245698401742116,"FM","0.5","RMSE"
"1271",0.274656276986953,"FM","0.6","RMSE"
"1272",0.275872919158741,"FM","0.6","RMSE"
"1273",0.243875271513172,"FM","0.6","RMSE"
"1274",0.271386221032163,"FM","0.6","RMSE"
"1275",0.290290165207695,"FM","0.6","RMSE"
"1276",0.348400515886625,"FM","0.6","RMSE"
"1277",0.250496549024487,"FM","0.6","RMSE"
"1278",0.277746654686897,"FM","0.6","RMSE"
"1279",0.27722795129246,"FM","0.6","RMSE"
"1280",0.253261472140447,"FM","0.6","RMSE"
"1281",0.283034915284204,"FM","0.7","RMSE"
"1282",0.286977345881573,"FM","0.7","RMSE"
"1283",0.24293777126613,"FM","0.7","RMSE"
"1284",0.283338054726636,"FM","0.7","RMSE"
"1285",0.304003075363459,"FM","0.7","RMSE"
"1286",0.368366883887707,"FM","0.7","RMSE"
"1287",0.249580939924863,"FM","0.7","RMSE"
"1288",0.280327617565082,"FM","0.7","RMSE"
"1289",0.280417759491906,"FM","0.7","RMSE"
"1290",0.253173595336491,"FM","0.7","RMSE"
"1291",0.286561250541313,"FM","0.8","RMSE"
"1292",0.29132879624955,"FM","0.8","RMSE"
"1293",0.236457466850241,"FM","0.8","RMSE"
"1294",0.289909790757303,"FM","0.8","RMSE"
"1295",0.312329718506564,"FM","0.8","RMSE"
"1296",0.38145958056679,"FM","0.8","RMSE"
"1297",0.242289922925294,"FM","0.8","RMSE"
"1298",0.273670095615318,"FM","0.8","RMSE"
"1299",0.273187620614681,"FM","0.8","RMSE"
"1300",0.244198943587768,"FM","0.8","RMSE"
"1301",0.284969958217937,"FM","0.9","RMSE"
"1302",0.28517078840282,"FM","0.9","RMSE"
"1303",0.226102168399381,"FM","0.9","RMSE"
"1304",0.28884549194277,"FM","0.9","RMSE"
"1305",0.312512796026048,"FM","0.9","RMSE"
"1306",0.381882930587308,"FM","0.9","RMSE"
"1307",0.230682508422059,"FM","0.9","RMSE"
"1308",0.257708512924071,"FM","0.9","RMSE"
"1309",0.250734300403188,"FM","0.9","RMSE"
"1310",0.224811060663543,"FM","0.9","RMSE"
"1311",0.276942364435366,"FM","1","RMSE"
"1312",0.262074658640521,"FM","1","RMSE"
"1313",0.215422857744598,"FM","1","RMSE"
"1314",0.24940329610615,"FM","1","RMSE"
"1315",0.289724368248685,"FM","1","RMSE"
"1316",0.352626262153942,"FM","1","RMSE"
"1317",0.220153181890068,"FM","1","RMSE"
"1318",0.229673509862982,"FM","1","RMSE"
"1319",0.205779749811243,"FM","1","RMSE"
"1320",0.192816219174713,"FM","1","RMSE"
"1321",0.0577806154106632,"BestWSCE","0","RMSE"
"1322",0.0226226358597237,"BestWSCE","0","RMSE"
"1323",0.012989289789636,"BestWSCE","0","RMSE"
"1324",0.0261772967910443,"BestWSCE","0","RMSE"
"1325",0.0897563278607033,"BestWSCE","0","RMSE"
"1326",0.0956379051036561,"BestWSCE","0","RMSE"
"1327",0.0690529635130034,"BestWSCE","0","RMSE"
"1328",0.0457680266769809,"BestWSCE","0","RMSE"
"1329",0.0829511384289976,"BestWSCE","0","RMSE"
"1330",0.039527895601826,"BestWSCE","0","RMSE"
"1331",0.0770730961918994,"BestWSCE","0.1","RMSE"
"1332",0.0503982023967871,"BestWSCE","0.1","RMSE"
"1333",0.0484513957275841,"BestWSCE","0.1","RMSE"
"1334",0.0520136023435535,"BestWSCE","0.1","RMSE"
"1335",0.113210771346514,"BestWSCE","0.1","RMSE"
"1336",0.121969645112359,"BestWSCE","0.1","RMSE"
"1337",0.0911410746391543,"BestWSCE","0.1","RMSE"
"1338",0.0700750153027768,"BestWSCE","0.1","RMSE"
"1339",0.105199074316117,"BestWSCE","0.1","RMSE"
"1340",0.065217537570365,"BestWSCE","0.1","RMSE"
"1341",0.114138344910748,"BestWSCE","0.2","RMSE"
"1342",0.0943189808326286,"BestWSCE","0.2","RMSE"
"1343",0.0943251945423243,"BestWSCE","0.2","RMSE"
"1344",0.0951422255340179,"BestWSCE","0.2","RMSE"
"1345",0.149417616963288,"BestWSCE","0.2","RMSE"
"1346",0.156976020898948,"BestWSCE","0.2","RMSE"
"1347",0.127875340254272,"BestWSCE","0.2","RMSE"
"1348",0.108145631401782,"BestWSCE","0.2","RMSE"
"1349",0.137629466148102,"BestWSCE","0.2","RMSE"
"1350",0.104695186024298,"BestWSCE","0.2","RMSE"
"1351",0.156685798413778,"BestWSCE","0.3","RMSE"
"1352",0.140075053754325,"BestWSCE","0.3","RMSE"
"1353",0.140904395618613,"BestWSCE","0.3","RMSE"
"1354",0.140469159532085,"BestWSCE","0.3","RMSE"
"1355",0.190948268328693,"BestWSCE","0.3","RMSE"
"1356",0.198123145195281,"BestWSCE","0.3","RMSE"
"1357",0.170190537937491,"BestWSCE","0.3","RMSE"
"1358",0.150966058565606,"BestWSCE","0.3","RMSE"
"1359",0.180030661867134,"BestWSCE","0.3","RMSE"
"1360",0.146314476601392,"BestWSCE","0.3","RMSE"
"1361",0.201087381575389,"BestWSCE","0.4","RMSE"
"1362",0.186821307410976,"BestWSCE","0.4","RMSE"
"1363",0.188040135576087,"BestWSCE","0.4","RMSE"
"1364",0.186500837115174,"BestWSCE","0.4","RMSE"
"1365",0.234128340843686,"BestWSCE","0.4","RMSE"
"1366",0.240921122144546,"BestWSCE","0.4","RMSE"
"1367",0.214740355103118,"BestWSCE","0.4","RMSE"
"1368",0.195011506301532,"BestWSCE","0.4","RMSE"
"1369",0.222445813199886,"BestWSCE","0.4","RMSE"
"1370",0.190734614909009,"BestWSCE","0.4","RMSE"
"1371",0.246369701638827,"BestWSCE","0.5","RMSE"
"1372",0.234550357384386,"BestWSCE","0.5","RMSE"
"1373",0.235875707864423,"BestWSCE","0.5","RMSE"
"1374",0.233035014828565,"BestWSCE","0.5","RMSE"
"1375",0.278714237561671,"BestWSCE","0.5","RMSE"
"1376",0.281511983921732,"BestWSCE","0.5","RMSE"
"1377",0.260424482543091,"BestWSCE","0.5","RMSE"
"1378",0.239657064737287,"BestWSCE","0.5","RMSE"
"1379",0.266323013204997,"BestWSCE","0.5","RMSE"
"1380",0.235776142463281,"BestWSCE","0.5","RMSE"
"1381",0.2920165142242,"BestWSCE","0.6","RMSE"
"1382",0.283502299130617,"BestWSCE","0.6","RMSE"
"1383",0.283532328217946,"BestWSCE","0.6","RMSE"
"1384",0.280145301277462,"BestWSCE","0.6","RMSE"
"1385",0.323801940940492,"BestWSCE","0.6","RMSE"
"1386",0.326848444782216,"BestWSCE","0.6","RMSE"
"1387",0.306610526128467,"BestWSCE","0.6","RMSE"
"1388",0.284725468037935,"BestWSCE","0.6","RMSE"
"1389",0.310750244442244,"BestWSCE","0.6","RMSE"
"1390",0.281174746679719,"BestWSCE","0.6","RMSE"
"1391",0.337457710414687,"BestWSCE","0.7","RMSE"
"1392",0.334117316678739,"BestWSCE","0.7","RMSE"
"1393",0.331275858010479,"BestWSCE","0.7","RMSE"
"1394",0.328015249059582,"BestWSCE","0.7","RMSE"
"1395",0.366437634642331,"BestWSCE","0.7","RMSE"
"1396",0.372510129360265,"BestWSCE","0.7","RMSE"
"1397",0.3530423438891,"BestWSCE","0.7","RMSE"
"1398",0.329845511116406,"BestWSCE","0.7","RMSE"
"1399",0.355279458169954,"BestWSCE","0.7","RMSE"
"1400",0.326914396675769,"BestWSCE","0.7","RMSE"
"1401",0.383148385772337,"BestWSCE","0.8","RMSE"
"1402",0.387448998996933,"BestWSCE","0.8","RMSE"
"1403",0.37897438011454,"BestWSCE","0.8","RMSE"
"1404",0.377103172271912,"BestWSCE","0.8","RMSE"
"1405",0.411410040858282,"BestWSCE","0.8","RMSE"
"1406",0.418424364481064,"BestWSCE","0.8","RMSE"
"1407",0.399451713995759,"BestWSCE","0.8","RMSE"
"1408",0.375191282598137,"BestWSCE","0.8","RMSE"
"1409",0.39975576939868,"BestWSCE","0.8","RMSE"
"1410",0.372925731866901,"BestWSCE","0.8","RMSE"
"1411",0.428804948900841,"BestWSCE","0.9","RMSE"
"1412",0.443174316951953,"BestWSCE","0.9","RMSE"
"1413",0.426381851354569,"BestWSCE","0.9","RMSE"
"1414",0.428635001726339,"BestWSCE","0.9","RMSE"
"1415",0.455766700851272,"BestWSCE","0.9","RMSE"
"1416",0.464382633084117,"BestWSCE","0.9","RMSE"
"1417",0.445679175297584,"BestWSCE","0.9","RMSE"
"1418",0.42083396620226,"BestWSCE","0.9","RMSE"
"1419",0.444126214704375,"BestWSCE","0.9","RMSE"
"1420",0.419134863831782,"BestWSCE","0.9","RMSE"
"1421",0.474548101071037,"BestWSCE","1","RMSE"
"1422",0.501164766020091,"BestWSCE","1","RMSE"
"1423",0.47361754362254,"BestWSCE","1","RMSE"
"1424",0.48954747560365,"BestWSCE","1","RMSE"
"1425",0.497538601118133,"BestWSCE","1","RMSE"
"1426",0.51035192217636,"BestWSCE","1","RMSE"
"1427",0.491794304158695,"BestWSCE","1","RMSE"
"1428",0.466752297309073,"BestWSCE","1","RMSE"
"1429",0.488429944926013,"BestWSCE","1","RMSE"
"1430",0.46551902057349,"BestWSCE","1","RMSE"
"1431",0.0601922886089397,"hatSigma0","0","RMSE"
"1432",0.012224314231287,"hatSigma0","0","RMSE"
"1433",0.00996237677749535,"hatSigma0","0","RMSE"
"1434",0.0304080522759479,"hatSigma0","0","RMSE"
"1435",0.0181467222469034,"hatSigma0","0","RMSE"
"1436",0.049985453141827,"hatSigma0","0","RMSE"
"1437",0.0363939418485612,"hatSigma0","0","RMSE"
"1438",0.0365214490332735,"hatSigma0","0","RMSE"
"1439",0.0385690184857934,"hatSigma0","0","RMSE"
"1440",0.0397363286932335,"hatSigma0","0","RMSE"
"1441",0.0867874760132148,"hatSigma0","0.1","RMSE"
"1442",0.0478117761306758,"hatSigma0","0.1","RMSE"
"1443",0.0502444355856841,"hatSigma0","0.1","RMSE"
"1444",0.0664665992115546,"hatSigma0","0.1","RMSE"
"1445",0.0484547914079449,"hatSigma0","0.1","RMSE"
"1446",0.0897290941587284,"hatSigma0","0.1","RMSE"
"1447",0.0549748393587197,"hatSigma0","0.1","RMSE"
"1448",0.0567159708405748,"hatSigma0","0.1","RMSE"
"1449",0.0537799699471077,"hatSigma0","0.1","RMSE"
"1450",0.0518603722097671,"hatSigma0","0.1","RMSE"
"1451",0.127882490463813,"hatSigma0","0.2","RMSE"
"1452",0.0955916244310789,"hatSigma0","0.2","RMSE"
"1453",0.100616041273611,"hatSigma0","0.2","RMSE"
"1454",0.113719885473445,"hatSigma0","0.2","RMSE"
"1455",0.093695423696018,"hatSigma0","0.2","RMSE"
"1456",0.137622364065957,"hatSigma0","0.2","RMSE"
"1457",0.0951025309341529,"hatSigma0","0.2","RMSE"
"1458",0.0963038823055078,"hatSigma0","0.2","RMSE"
"1459",0.0944322516104377,"hatSigma0","0.2","RMSE"
"1460",0.0937684732741231,"hatSigma0","0.2","RMSE"
"1461",0.173477795064959,"hatSigma0","0.3","RMSE"
"1462",0.145563135048084,"hatSigma0","0.3","RMSE"
"1463",0.151484461400555,"hatSigma0","0.3","RMSE"
"1464",0.162751528766422,"hatSigma0","0.3","RMSE"
"1465",0.139836311629282,"hatSigma0","0.3","RMSE"
"1466",0.187554945961014,"hatSigma0","0.3","RMSE"
"1467",0.139903867782763,"hatSigma0","0.3","RMSE"
"1468",0.140410018436054,"hatSigma0","0.3","RMSE"
"1469",0.139939953379956,"hatSigma0","0.3","RMSE"
"1470",0.143887915777716,"hatSigma0","0.3","RMSE"
"1471",0.220965591647624,"hatSigma0","0.4","RMSE"
"1472",0.197128159624582,"hatSigma0","0.4","RMSE"
"1473",0.202474372360297,"hatSigma0","0.4","RMSE"
"1474",0.21209182308101,"hatSigma0","0.4","RMSE"
"1475",0.186204617118318,"hatSigma0","0.4","RMSE"
"1476",0.238267157252466,"hatSigma0","0.4","RMSE"
"1477",0.186054538805406,"hatSigma0","0.4","RMSE"
"1478",0.186209351258678,"hatSigma0","0.4","RMSE"
"1479",0.186531384216244,"hatSigma0","0.4","RMSE"
"1480",0.196479143887778,"hatSigma0","0.4","RMSE"
"1481",0.269373336609376,"hatSigma0","0.5","RMSE"
"1482",0.249861976326348,"hatSigma0","0.5","RMSE"
"1483",0.253560278220055,"hatSigma0","0.5","RMSE"
"1484",0.261753581792936,"hatSigma0","0.5","RMSE"
"1485",0.232652127380616,"hatSigma0","0.5","RMSE"
"1486",0.289271569410385,"hatSigma0","0.5","RMSE"
"1487",0.232835719077926,"hatSigma0","0.5","RMSE"
"1488",0.232869170234387,"hatSigma0","0.5","RMSE"
"1489",0.233475661801956,"hatSigma0","0.5","RMSE"
"1490",0.249951581641103,"hatSigma0","0.5","RMSE"
"1491",0.317912204328179,"hatSigma0","0.6","RMSE"
"1492",0.303481853934274,"hatSigma0","0.6","RMSE"
"1493",0.304672273717498,"hatSigma0","0.6","RMSE"
"1494",0.311594296864252,"hatSigma0","0.6","RMSE"
"1495",0.279133043201659,"hatSigma0","0.6","RMSE"
"1496",0.34038767780692,"hatSigma0","0.6","RMSE"
"1497",0.279951474368358,"hatSigma0","0.6","RMSE"
"1498",0.280042263111447,"hatSigma0","0.6","RMSE"
"1499",0.280568499307365,"hatSigma0","0.6","RMSE"
"1500",0.303769936589369,"hatSigma0","0.6","RMSE"
"1501",0.36667288631177,"hatSigma0","0.7","RMSE"
"1502",0.357798594868344,"hatSigma0","0.7","RMSE"
"1503",0.355609242057978,"hatSigma0","0.7","RMSE"
"1504",0.36154898297569,"hatSigma0","0.7","RMSE"
"1505",0.325634674258299,"hatSigma0","0.7","RMSE"
"1506",0.391505566548629,"hatSigma0","0.7","RMSE"
"1507",0.32727499505941,"hatSigma0","0.7","RMSE"
"1508",0.327565362894319,"hatSigma0","0.7","RMSE"
"1509",0.327749089901278,"hatSigma0","0.7","RMSE"
"1510",0.357723285194642,"hatSigma0","0.7","RMSE"
"1511",0.415611291935371,"hatSigma0","0.8","RMSE"
"1512",0.412770290323461,"hatSigma0","0.8","RMSE"
"1513",0.406780343203885,"hatSigma0","0.8","RMSE"
"1514",0.411781075811674,"hatSigma0","0.8","RMSE"
"1515",0.372145898768238,"hatSigma0","0.8","RMSE"
"1516",0.442481090383176,"hatSigma0","0.8","RMSE"
"1517",0.37476860197484,"hatSigma0","0.8","RMSE"
"1518",0.375363748902274,"hatSigma0","0.8","RMSE"
"1519",0.374986566395132,"hatSigma0","0.8","RMSE"
"1520",0.411642941391125,"hatSigma0","0.8","RMSE"
"1521",0.464682832996488,"hatSigma0","0.9","RMSE"
"1522",0.468291725554654,"hatSigma0","0.9","RMSE"
"1523",0.457744542526061,"hatSigma0","0.9","RMSE"
"1524",0.461986840938797,"hatSigma0","0.9","RMSE"
"1525",0.418681415375283,"hatSigma0","0.9","RMSE"
"1526",0.49320372144102,"hatSigma0","0.9","RMSE"
"1527",0.422461340742343,"hatSigma0","0.9","RMSE"
"1528",0.423421018567834,"hatSigma0","0.9","RMSE"
"1529",0.422305323595725,"hatSigma0","0.9","RMSE"
"1530",0.465857318995728,"hatSigma0","0.9","RMSE"
"1531",0.513724743627406,"hatSigma0","1","RMSE"
"1532",0.52437746864267,"hatSigma0","1","RMSE"
"1533",0.508707003820263,"hatSigma0","1","RMSE"
"1534",0.512269143486903,"hatSigma0","1","RMSE"
"1535",0.465289619022166,"hatSigma0","1","RMSE"
"1536",0.543753530514694,"hatSigma0","1","RMSE"
"1537",0.47066674681782,"hatSigma0","1","RMSE"
"1538",0.471987461239233,"hatSigma0","1","RMSE"
"1539",0.469754969542209,"hatSigma0","1","RMSE"
"1540",0.519974722028169,"hatSigma0","1","RMSE"
"1541",0.0626292021717056,"hatSigma","0","RMSE"
"1542",0.0169429009968771,"hatSigma","0","RMSE"
"1543",0.00996237677749535,"hatSigma","0","RMSE"
"1544",0.0304080522759479,"hatSigma","0","RMSE"
"1545",0.0181467222469034,"hatSigma","0","RMSE"
"1546",0.049985453141827,"hatSigma","0","RMSE"
"1547",0.0363939418485612,"hatSigma","0","RMSE"
"1548",0.0365214490332735,"hatSigma","0","RMSE"
"1549",0.0385690184857934,"hatSigma","0","RMSE"
"1550",0.0397363286932335,"hatSigma","0","RMSE"
"1551",0.0887689325516904,"hatSigma","0.1","RMSE"
"1552",0.0479990254240073,"hatSigma","0.1","RMSE"
"1553",0.0502444355856841,"hatSigma","0.1","RMSE"
"1554",0.0664665992115546,"hatSigma","0.1","RMSE"
"1555",0.0484547914079449,"hatSigma","0.1","RMSE"
"1556",0.0897290941587284,"hatSigma","0.1","RMSE"
"1557",0.0549748393587197,"hatSigma","0.1","RMSE"
"1558",0.0570655960083031,"hatSigma","0.1","RMSE"
"1559",0.0537799699471077,"hatSigma","0.1","RMSE"
"1560",0.0518603722097671,"hatSigma","0.1","RMSE"
"1561",0.125281200669226,"hatSigma","0.2","RMSE"
"1562",0.0944001361258286,"hatSigma","0.2","RMSE"
"1563",0.095637383450186,"hatSigma","0.2","RMSE"
"1564",0.113719885473445,"hatSigma","0.2","RMSE"
"1565",0.093695423696018,"hatSigma","0.2","RMSE"
"1566",0.135944369357283,"hatSigma","0.2","RMSE"
"1567",0.0951025309341529,"hatSigma","0.2","RMSE"
"1568",0.0953431935056497,"hatSigma","0.2","RMSE"
"1569",0.0944322516104377,"hatSigma","0.2","RMSE"
"1570",0.0937684732741231,"hatSigma","0.2","RMSE"
"1571",0.161146684087196,"hatSigma","0.3","RMSE"
"1572",0.14201256910169,"hatSigma","0.3","RMSE"
"1573",0.135181704017342,"hatSigma","0.3","RMSE"
"1574",0.162751528766422,"hatSigma","0.3","RMSE"
"1575",0.139836311629282,"hatSigma","0.3","RMSE"
"1576",0.180796821795248,"hatSigma","0.3","RMSE"
"1577",0.139903867782763,"hatSigma","0.3","RMSE"
"1578",0.134912365408982,"hatSigma","0.3","RMSE"
"1579",0.139939953379956,"hatSigma","0.3","RMSE"
"1580",0.143887915777716,"hatSigma","0.3","RMSE"
"1581",0.192632019368388,"hatSigma","0.4","RMSE"
"1582",0.188471625590256,"hatSigma","0.4","RMSE"
"1583",0.16679407633873,"hatSigma","0.4","RMSE"
"1584",0.21209182308101,"hatSigma","0.4","RMSE"
"1585",0.176904532754748,"hatSigma","0.4","RMSE"
"1586",0.222417708683187,"hatSigma","0.4","RMSE"
"1587",0.184128146273603,"hatSigma","0.4","RMSE"
"1588",0.171559718846156,"hatSigma","0.4","RMSE"
"1589",0.186531384216244,"hatSigma","0.4","RMSE"
"1590",0.196479143887778,"hatSigma","0.4","RMSE"
"1591",0.218882043365943,"hatSigma","0.5","RMSE"
"1592",0.232162302356744,"hatSigma","0.5","RMSE"
"1593",0.190334138216516,"hatSigma","0.5","RMSE"
"1594",0.261753581792936,"hatSigma","0.5","RMSE"
"1595",0.207275960027803,"hatSigma","0.5","RMSE"
"1596",0.260929403340856,"hatSigma","0.5","RMSE"
"1597",0.210745567363325,"hatSigma","0.5","RMSE"
"1598",0.203480022849818,"hatSigma","0.5","RMSE"
"1599",0.233475661801956,"hatSigma","0.5","RMSE"
"1600",0.249951581641103,"hatSigma","0.5","RMSE"
"1601",0.24001405845857,"hatSigma","0.6","RMSE"
"1602",0.271790575471335,"hatSigma","0.6","RMSE"
"1603",0.205702097424535,"hatSigma","0.6","RMSE"
"1604",0.300108159674239,"hatSigma","0.6","RMSE"
"1605",0.231880788188301,"hatSigma","0.6","RMSE"
"1606",0.296253332695104,"hatSigma","0.6","RMSE"
"1607",0.229970331915913,"hatSigma","0.6","RMSE"
"1608",0.229838727477172,"hatSigma","0.6","RMSE"
"1609",0.260113195428401,"hatSigma","0.6","RMSE"
"1610",0.301058528544065,"hatSigma","0.6","RMSE"
"1611",0.256266508277624,"hatSigma","0.7","RMSE"
"1612",0.306270064200099,"hatSigma","0.7","RMSE"
"1613",0.212322509246014,"hatSigma","0.7","RMSE"
"1614",0.321871486454948,"hatSigma","0.7","RMSE"
"1615",0.250652671371969,"hatSigma","0.7","RMSE"
"1616",0.327924442116755,"hatSigma","0.7","RMSE"
"1617",0.241540050190237,"hatSigma","0.7","RMSE"
"1618",0.24968483467062,"hatSigma","0.7","RMSE"
"1619",0.272818586845856,"hatSigma","0.7","RMSE"
"1620",0.330028794048293,"hatSigma","0.7","RMSE"
"1621",0.267372424582076,"hatSigma","0.8","RMSE"
"1622",0.335212134715027,"hatSigma","0.8","RMSE"
"1623",0.209234140104771,"hatSigma","0.8","RMSE"
"1624",0.334633411925384,"hatSigma","0.8","RMSE"
"1625",0.263201769640079,"hatSigma","0.8","RMSE"
"1626",0.354347646449666,"hatSigma","0.8","RMSE"
"1627",0.245055409397713,"hatSigma","0.8","RMSE"
"1628",0.262647728677212,"hatSigma","0.8","RMSE"
"1629",0.277302591682212,"hatSigma","0.8","RMSE"
"1630",0.35118318012606,"hatSigma","0.8","RMSE"
"1631",0.271602742344392,"hatSigma","0.9","RMSE"
"1632",0.357738551916913,"hatSigma","0.9","RMSE"
"1633",0.193385135198723,"hatSigma","0.9","RMSE"
"1634",0.337828486046351,"hatSigma","0.9","RMSE"
"1635",0.269605590235369,"hatSigma","0.9","RMSE"
"1636",0.370039661656837,"hatSigma","0.9","RMSE"
"1637",0.239402453836564,"hatSigma","0.9","RMSE"
"1638",0.268025086400542,"hatSigma","0.9","RMSE"
"1639",0.268277350477179,"hatSigma","0.9","RMSE"
"1640",0.361292003915825,"hatSigma","0.9","RMSE"
"1641",0.264562466581108,"hatSigma","1","RMSE"
"1642",0.372180357889677,"hatSigma","1","RMSE"
"1643",0.152755024326785,"hatSigma","1","RMSE"
"1644",0.315300931509943,"hatSigma","1","RMSE"
"1645",0.273858976167286,"hatSigma","1","RMSE"
"1646",0.35739985181592,"hatSigma","1","RMSE"
"1647",0.224083563900122,"hatSigma","1","RMSE"
"1648",0.264240721578631,"hatSigma","1","RMSE"
"1649",0.232822694155276,"hatSigma","1","RMSE"
"1650",0.361943610244123,"hatSigma","1","RMSE"
"1651",0.144002015346083,"new","0","RMSE"
"1652",0.144002015346083,"new","0","RMSE"
"1653",0.144002015346083,"new","0","RMSE"
"1654",0.144002015346083,"new","0","RMSE"
"1655",0.144002015346083,"new","0","RMSE"
"1656",0.144002015346083,"new","0","RMSE"
"1657",0.144002015346083,"new","0","RMSE"
"1658",0.144002015346083,"new","0","RMSE"
"1659",0.144002015346083,"new","0","RMSE"
"1660",0.144002015346083,"new","0","RMSE"
"1661",0.167695802479272,"new","0.1","RMSE"
"1662",0.167695802479272,"new","0.1","RMSE"
"1663",0.167695802479272,"new","0.1","RMSE"
"1664",0.167695802479272,"new","0.1","RMSE"
"1665",0.167695802479272,"new","0.1","RMSE"
"1666",0.167695802479272,"new","0.1","RMSE"
"1667",0.167695802479272,"new","0.1","RMSE"
"1668",0.167695802479272,"new","0.1","RMSE"
"1669",0.167695802479272,"new","0.1","RMSE"
"1670",0.167695802479272,"new","0.1","RMSE"
"1671",0.201772489651063,"new","0.2","RMSE"
"1672",0.201772489651063,"new","0.2","RMSE"
"1673",0.201772489651063,"new","0.2","RMSE"
"1674",0.201772489651063,"new","0.2","RMSE"
"1675",0.201772489651063,"new","0.2","RMSE"
"1676",0.201772489651063,"new","0.2","RMSE"
"1677",0.201772489651063,"new","0.2","RMSE"
"1678",0.201772489651063,"new","0.2","RMSE"
"1679",0.201772489651063,"new","0.2","RMSE"
"1680",0.201772489651063,"new","0.2","RMSE"
"1681",0.24188291931469,"new","0.3","RMSE"
"1682",0.24188291931469,"new","0.3","RMSE"
"1683",0.24188291931469,"new","0.3","RMSE"
"1684",0.24188291931469,"new","0.3","RMSE"
"1685",0.24188291931469,"new","0.3","RMSE"
"1686",0.24188291931469,"new","0.3","RMSE"
"1687",0.24188291931469,"new","0.3","RMSE"
"1688",0.24188291931469,"new","0.3","RMSE"
"1689",0.24188291931469,"new","0.3","RMSE"
"1690",0.24188291931469,"new","0.3","RMSE"
"1691",0.285495200306053,"new","0.4","RMSE"
"1692",0.285495200306053,"new","0.4","RMSE"
"1693",0.285495200306053,"new","0.4","RMSE"
"1694",0.285495200306053,"new","0.4","RMSE"
"1695",0.285495200306053,"new","0.4","RMSE"
"1696",0.285495200306053,"new","0.4","RMSE"
"1697",0.285495200306053,"new","0.4","RMSE"
"1698",0.285495200306053,"new","0.4","RMSE"
"1699",0.285495200306053,"new","0.4","RMSE"
"1700",0.285495200306053,"new","0.4","RMSE"
"1701",0.331228962810889,"new","0.5","RMSE"
"1702",0.331228962810889,"new","0.5","RMSE"
"1703",0.331228962810889,"new","0.5","RMSE"
"1704",0.331228962810889,"new","0.5","RMSE"
"1705",0.331228962810889,"new","0.5","RMSE"
"1706",0.331228962810889,"new","0.5","RMSE"
"1707",0.331228962810889,"new","0.5","RMSE"
"1708",0.331228962810889,"new","0.5","RMSE"
"1709",0.331228962810889,"new","0.5","RMSE"
"1710",0.331228962810889,"new","0.5","RMSE"
"1711",0.378315603533808,"new","0.6","RMSE"
"1712",0.378315603533808,"new","0.6","RMSE"
"1713",0.378315603533808,"new","0.6","RMSE"
"1714",0.378315603533808,"new","0.6","RMSE"
"1715",0.378315603533808,"new","0.6","RMSE"
"1716",0.378315603533808,"new","0.6","RMSE"
"1717",0.378315603533808,"new","0.6","RMSE"
"1718",0.378315603533808,"new","0.6","RMSE"
"1719",0.378315603533808,"new","0.6","RMSE"
"1720",0.378315603533808,"new","0.6","RMSE"
"1721",0.42630707197384,"new","0.7","RMSE"
"1722",0.42630707197384,"new","0.7","RMSE"
"1723",0.42630707197384,"new","0.7","RMSE"
"1724",0.42630707197384,"new","0.7","RMSE"
"1725",0.42630707197384,"new","0.7","RMSE"
"1726",0.42630707197384,"new","0.7","RMSE"
"1727",0.42630707197384,"new","0.7","RMSE"
"1728",0.42630707197384,"new","0.7","RMSE"
"1729",0.42630707197384,"new","0.7","RMSE"
"1730",0.42630707197384,"new","0.7","RMSE"
"1731",0.474929149471851,"new","0.8","RMSE"
"1732",0.474929149471851,"new","0.8","RMSE"
"1733",0.474929149471851,"new","0.8","RMSE"
"1734",0.474929149471851,"new","0.8","RMSE"
"1735",0.474929149471851,"new","0.8","RMSE"
"1736",0.474929149471851,"new","0.8","RMSE"
"1737",0.474929149471851,"new","0.8","RMSE"
"1738",0.474929149471851,"new","0.8","RMSE"
"1739",0.474929149471851,"new","0.8","RMSE"
"1740",0.474929149471851,"new","0.8","RMSE"
"1741",0.524006324471939,"new","0.9","RMSE"
"1742",0.524006324471939,"new","0.9","RMSE"
"1743",0.524006324471939,"new","0.9","RMSE"
"1744",0.524006324471939,"new","0.9","RMSE"
"1745",0.524006324471939,"new","0.9","RMSE"
"1746",0.524006324471939,"new","0.9","RMSE"
"1747",0.524006324471939,"new","0.9","RMSE"
"1748",0.524006324471939,"new","0.9","RMSE"
"1749",0.524006324471939,"new","0.9","RMSE"
"1750",0.524006324471939,"new","0.9","RMSE"
"1751",0.573421758237785,"new","1","RMSE"
"1752",0.573421758237785,"new","1","RMSE"
"1753",0.573421758237785,"new","1","RMSE"
"1754",0.573421758237785,"new","1","RMSE"
"1755",0.573421758237785,"new","1","RMSE"
"1756",0.573421758237785,"new","1","RMSE"
"1757",0.573421758237785,"new","1","RMSE"
"1758",0.573421758237785,"new","1","RMSE"
"1759",0.573421758237785,"new","1","RMSE"
"1760",0.573421758237785,"new","1","RMSE"
