"","V1","V2","V3","V4","V5","V6","V7","V8","V9","V10","V11","V12","V13","V14","i"
"1","0.228939480269801","0.226163111326531","0.166278877555889","0.147719861579814","0.0446758533338084","0.0428441243933979","0.111910433941929","0.554442122018765","0.0448630513515764","0.000108501840352073","0.119932687401663","0.834685411918395","0.317386751522022","14","1"
"2","0.242894493753586","0.222990532775429","0.160877827138755","0.136396010791761","0.059865478043235","0.0545621836204529","0.0652621799598984","0.863588050893687","0.118409856260328","0.0294488887492231","0.0206942035045379","0.221154627450915","0.987192942974773","32","1"
"3","0.257324084733364","0.228997504060099","0.13800503078628","0.130466315578775","0.0816783326962065","0.092085802024443","0.0916244191526973","0.973356567375853","0.207706172838889","0.0572746433014207","0.000521825763848281","0.22262352929485","0.942387583521117","65","1"
"4","0.259226589741078","0.22702747642764","0.128080679433916","0.124709608157597","0.0605835960175555","0.0610335034520172","0.0608653576177796","0.976888298512894","0.0989557681737553","0.0603012926875815","0.0400369087292198","0.373740665854098","0.786575210807768","115","1"
"5","0.255755744162852","0.213762136656029","0.120158773975389","0.117490694383007","0.0485943189136226","0.0585929036418267","0.0585929036418267","1","0.058638566453792","0.0795367002335857","0.0482462172971586","0.317577260337009","0.83945296662338","195","1"
"6","0.253841145015913","0.249399134916132","0.16046288840267","0.156884006007534","0.104875749402362","0.112178373632283","0.142163050460511","0.57761012941058","0.185658028035918","0.0506543141948824","0.000630663045547825","0.670814188664817","0.101765425320984","14","2"
"7","0.24078253894172","0.220103057257477","0.160877827138755","0.128884541627239","0.0411116111769009","0.0661298457581265","0.076715263753402","0.753561982067585","0.122486206310435","0.0957946047665813","0.0157201531998571","0.0237013810562843","0.999899998837651","32","2"
"8","0.248999640951156","0.216444708079989","0.137894112132108","0.123921491033879","0.0301102047384992","0.0167060462082431","0.0187636764288073","0.962319708446775","0.0444830590976246","0.10527554717715","0.0942998808771411","0.75474594970405","0.153812313119618","65","2"
"9","0.247553249756026","0.210669537378351","0.12837128641831","0.114433255203372","0.00818423648713819","0.0168668781490335","0.0168727306104027","0.987013995405864","0.05475080412625","0.104086664429843","0.0913506556444885","0.744248585009138","0.284809850454242","115","2"
"10","0.249499706225471","0.212958874358832","0.120000860972098","0.112264179622351","0.0203552989087588","0.0132443404548713","0.0133109875425375","0.984500284131874","0.0626002426468651","0.114095183759882","0.0954119979041287","0.727327831891792","0.310680140582783","195","2"
"11","0.248770386383992","0.246172951523876","0.161163127956661","0.152953220813733","0.0186251346757886","0.034969957184024","0.12669662310959","0.498816640044092","0.0512420764216954","0.0469568233778596","0.0964567161380863","0.803140548978334","0.2859586180753","14","3"
"12","0.232703932554928","0.21329110857723","0.146533742643443","0.120945047900984","0.055453158519371","0.0174852173155303","0.0649975362398635","0.729918450086172","0.0932925588771954","0.0653284533097758","0.116516529889808","0.724653164582288","0.446581226359273","32","3"
"13","0.239912283960376","0.215436305870617","0.12288570928584","0.121605520966196","0.0289706067396427","0.024366011563812","0.0334866047119959","0.900700062946704","0.0357477953661041","0.0685515627324169","0.140581506388797","0.753930117540994","0.361888405890635","65","3"
"14","0.244703068161854","0.211873982537853","0.115353751938192","0.116400676157502","0.0159206145894568","0.0207433041967517","0.0215202935234199","0.977137726743294","0.0198162471951557","0.0645965523637043","0.135452047798183","0.779404764478783","0.321848181772153","115","3"
"15","0.250896588744518","0.213141961512026","0.105771341437624","0.115591078611654","0.00336514949539702","0.0156123472194258","0.0156123472194258","1","0.02563728415822","0.0714281924888916","0.127158791503841","0.77049994460003","0.358687235360424","195","3"
"16","0.204174719122807","0.199161397456915","0.166278877555889","0.107805221401017","0.0393948136883514","0.0572004372259973","0.0635481109277214","0.819161766466844","0.000114066895604548","0.120805294464755","0.0953782630922035","0.333871101844378","0.958390907533975","14","4"
"17","0.218709833984879","0.199623447101188","0.156549721703839","0.118561423296379","0.024832978048635","0.0616486502737557","0.0603061875549915","0.970126150423252","0.0690264972697482","0.0421562047613327","0.166150334911823","0.450535720425203","0.827561784113858","32","4"
"18","0.245346599509536","0.209947918524231","0.137122989859863","0.124313280771053","0.0690378178854588","0.0380165216184575","0.0397259708071853","0.94896057186908","0.0941847191916289","0.0372122051073182","0.0587277762084324","0.256562384181342","0.972362586592582","65","4"
"19","0.25141391157897","0.210799166818968","0.127823886251364","0.120539030092716","0.0563038409425379","0.0152141575125041","0.0153519741890595","0.989089354580913","0.0762278980709208","0.0581646464005249","0.0948026543228646","0.31744471510496","0.830963980655466","115","4"
"20","0.254143021019466","0.211529356603405","0.120347454931685","0.114666445319682","0.0477412619052366","0.0344833021656148","0.0344833021656148","1","0.0678264865025445","0.0496108674051319","0.144717950215355","0.641508039751803","0.422196590395932","195","4"
"21","0.264546162118731","0.259631734534854","0.210918414000786","0.165474539700456","0.0593578350167943","0.0808931436691784","0.137600242554756","0.581930668624901","0.000307355816365745","0.181791875318966","1.16555435029594e-05","9.40928902292062e-05","0.0289757007999605","14","5"
"22","0.248318501179385","0.236130656749295","0.15965826569149","0.141229872699953","0.0646189655909711","0.0746145186376103","0.075523114511257","0.952427958931162","0.0654105101987837","0.222315948384504","0.000995126459892644","0.000923402631783796","0.0292514190560278","32","5"
"23","0.25815260792958","0.227957646997786","0.137785086856972","0.133547794074122","0.0588940289833668","0.0536261882027035","0.0536261882027035","1","0.0718044435209764","0.140731320913598","0.0439824727746068","0.621375347911997","0.316843140623501","65","5"
"24","0.259510093780577","0.220569297983777","0.128598373881","0.126356901199607","0.0375359742990477","0.00631156714963274","0.00631156714963274","1","0.046357144481137","0.0920627837942336","0.104491136665231","0.752766947266419","0.293358006983807","115","5"
"25","0.260843498507966","0.215750976271816","0.120438205619275","0.122103337049796","0.0476174844680416","0.0153065857323467","0.0153065857323467","1","0.0656415431604215","0.0855722177311374","0.0938809820870724","0.744887584666414","0.243630286549348","195","5"
"26","0.203462342307125","0.200833081600398","0.155407819141579","0.135777550965609","0.0461859213807097","0.0698137915735295","0.117506905922885","0.520765835088325","0.000520370088258305","0.237902520573913","0.000389842761945689","0.000526233584975519","0.029343210492492","14","6"
"27","0.245858973900307","0.229844879971047","0.157812839096544","0.146951089304027","0.09812746956432","0.0850515541279662","0.0889668619477486","0.890706448127005","2.6973454397594e-05","0.181390756625369","0.000183126420240067","0.0502369113065585","0.901965409241431","32","6"
"28","0.263970372058716","0.240959220541832","0.13800503078628","0.134890761913008","0.0828722655560113","0.0621772843127895","0.063518013702115","0.938165903915768","0.0903134390747887","0.115225100627248","0.0374881837810428","0.729271766082571","0.166257669200725","65","6"
"29","0.264445294969661","0.228281961948931","0.128702443250566","0.130357268057221","0.0864334385692454","0.0493448655788638","0.0493448655788638","1","0.0668405892029663","0.0970885998668929","0.0566113759409074","0.175596855531291","0.761272836169017","115","6"
"30","0.266239084535969","0.224865435767012","0.120637135908016","0.125099984014319","0.0902730087811377","0.0411004975956877","0.0411004975956877","1","0.0789468422758141","0.110919290485947","0.0651472061267457","0.29228705055584","0.523090373645752","195","6"
"31","0.234791061612541","0.229097858506568","0.113223442098852","0.121211903454178","0.067420999577848","0.0805517707483155","0.113421516888387","0.635873751205475","0.0314709963399625","0.105110176366154","0.116712929548274","0.320708523869032","0.969436410407551","14","7"
"32","0.251322778897506","0.239718540075668","0.130445510116567","0.13758291116277","0.0469913596076765","0.016213590938959","0.078884168396876","0.696375431240421","0.0441659433823906","0.0534858650278323","0.121087679179512","0.381744492299228","0.708099364728744","32","7"
"33","0.247921969591516","0.22137257236802","0.119708595280002","0.122580222992124","0.0114325739757292","0.0139962627163441","0.0254514073272546","0.911766692289834","0.0743552056434416","0.0536951756577559","0.100451697679388","0.768038634818292","0.429468496745324","65","7"
"34","0.24444017073638","0.20643508778263","0.126897323147922","0.116319432126212","0.0400048504344163","0.0201392911748423","0.0201392911748423","1","0.0737479423162555","0.114833795771365","0.084727326762051","0.724049237037248","0.398804491723123","115","7"
"35","0.252142331329769","0.207448026231958","0.12068377653481","0.116147824877247","0.0509606407072716","0.0231163397779892","0.0231163397779892","1","0.0598254025548783","0.105109105399746","0.084941163742955","0.486553313434554","0.468281257888631","195","7"
"36","0.199559078813951","0.194128657933056","0.166278877555889","0.130052415629183","0.0612938650264933","0.0604880994679552","0.0835400805810994","0.661074780616282","0.000315509084212552","0.0277789237768891","0.0283419416414012","0.151463100296911","0.999899999981832","14","8"
"37","0.21691542668427","0.186557826419387","0.160877827138755","0.12369649396206","0.0588877055212558","0.0453896222358702","0.0453896222358702","1","0.00626419924070431","0.000144510716268054","0.165348163867956","0.827912803423827","0.514554391833041","32","8"
"38","0.238925680434395","0.210737457925536","0.137311403219788","0.115416925953545","0.0226946221039364","0.0506015615756846","0.0506015615756846","1","0.0102031930468607","0.014749909413058","0.17169060547881","0.802022174085395","0.550064215236739","65","8"
"39","0.244884975712374","0.210865736063423","0.112760897677955","0.113438270236967","0.010335931629007","0.0269614921982138","0.0269614921982138","1","0.0233118031930571","0.0182791107404919","0.13864854033247","0.819117569484747","0.565986736073418","115","8"
"40","0.25395942240483","0.21633999382654","0.120349755468107","0.116676780713748","0.0265480498722501","0.0126729197136321","0.0126553315640841","0.994063225408358","0.0314576617009087","0.0297111812502837","0.101385522505247","0.733497613400271","0.583334671330317","195","8"
"41","0.221768176139299","0.21286106047505","0.166278877555889","0.160373762350242","0.118976033681326","0.0895699199240202","0.0895699199240202","1","0.000382096333059859","0.11034250682919","0.0237073606537051","0.0243576345949266","0.866201812370339","14","9"
"42","0.236059541766958","0.217603195971","0.160776955454479","0.143940799579784","0.0929789149261801","0.0765542856701558","0.0765542856701558","1","0.0943895798313817","0.124366915752627","0.00022494486442162","0.43366894932055","0.663275565503769","32","9"
"43","0.258120924739274","0.235413360389152","0.139960247121796","0.1361129066382","0.0996455591383333","0.089547694478001","0.089547694478001","1","0.0642339138754545","0.155477461672846","0.00092818319757729","0.619388267183366","0.59841137353283","65","9"
"44","0.261028875878475","0.228047070465344","0.128752877593896","0.127618634181773","0.0916473230566948","0.0566924356743407","0.0566924356743407","1","0.0366949014514934","0.158662693215963","0.0490989520562326","0.751773772292059","0.418179484846943","115","9"
"45","0.256690925149119","0.21387477200963","0.120690194353489","0.11820513843667","0.0706901416031675","0.0098553674863255","0.0098553674863255","1","0.028051953727965","0.120383834124239","0.11790613889759","0.590090376944","0.404116021113158","195","9"
"46","0.231415025332871","0.225578889800906","0.15524367429022","0.119920536766674","0.0572526317706252","0.0785682554991688","0.0979957436457533","0.732930681369021","0.0630514812726021","0.00593204266423517","0.139156945692682","0.118244014695174","0.99989999972975","14","10"
"47","0.262833951156437","0.250837559261331","0.15100866411831","0.145836946968776","0.0675145473673441","0.0373308839677005","0.0689758131033702","0.756286073209823","0.0994711884809471","0.054003176825484","0.152062152459759","0.204261592402009","0.00626963998817466","32","10"
"48","0.257141601332246","0.239969521480686","0.118930249244849","0.127546625327204","0.0256181697446098","0.0647153752538606","0.0630265007157757","0.885109966785446","0.0218522558528867","0.0516086090558077","0.189460602689574","0.729819491075145","0.237658445291078","65","10"
"49","0.255621634621384","0.225177043843433","0.127914512298254","0.121483243496674","0.03484840428535","0.0268802861382164","0.0266758214282058","0.988418692157848","0.000397805585838574","0.0446305947685993","0.137765433608461","0.816752515598398","0.341820709384324","115","10"
"50","0.254334233999126","0.216242529832795","0.12068377653481","0.11648940537403","0.031558768189443","0.0221182791529382","0.0221182791529382","1","0.00642890665663638","0.0832881852612704","0.0920290867715868","0.816396443075961","0.376038150290935","195","10"
"51","0.222706765692154","0.214205760498323","0.166278877555889","0.137154035502484","0.0517323949713547","0.0363959098430327","0.0363959098430327","1","0.000305395169037426","0.0849473837856139","0.15007908570109","0.00461641727612055","0.0157679151032583","14","11"
"52","0.238278218169254","0.229038744637613","0.160877827138755","0.130465967987732","0.0421823554683652","0.050719584180188","0.0531209679637435","0.892734521949658","0.140642322840897","0.00455330767376749","0.14708762673431","0.0136194475113584","0.0300482286150563","32","11"
"53","0.23684147682101","0.209373399008742","0.117176818148129","0.118989867631363","0.018432203181069","0.0353796781222575","0.0353796781222575","1","0.0669306829058007","0.0343188990260036","0.141900901751435","0.461453325968296","0.748535354014404","65","11"
"54","0.246534626903251","0.215916893248799","0.126581868972578","0.116459015000042","0.0285090811785661","0.0122491165086485","0.0122491165086485","1","0.0847205391984779","0.0403522191066707","0.114254560195175","0.35213334114238","0.722712296961303","115","11"
"55","0.247776247011333","0.208448891465434","0.120045465128597","0.111967526933869","0.0291483647421836","0.0093178367822627","0.0093178367822627","1","0.0736500871743731","0.062138704642731","0.102227082846762","0.61748544782802","0.572827063030192","195","11"
"56","0.277166064895388","0.27486132424984","0.163459024710559","0.170345333373684","0.110862542566195","0.0993090987797087","0.144986978345858","0.573321344603572","0.300572653220521","0.128147476066648","0.00155909048571464","0.0314374558689569","0.960117394597083","14","12"
"57","0.25302385173132","0.237865422140226","0.139335248985245","0.144610292698324","0.0534128658870219","0.0380902059067991","0.0769177385358928","0.723052819925042","0.108734497219405","0.0551373210402247","0.0728138368380054","0.761234617384597","0.462753274849705","32","12"
"58","0.252893304187421","0.227416570941715","0.119809105033129","0.129129282026617","0.0523948525541844","0.0167418626011183","0.0226852125116022","0.937858977260958","0.0907024545166338","0.108640135303167","0.0958454761260835","0.252791077648427","0.763087333371095","65","12"
"59","0.249557785745878","0.214022288447524","0.127306120807207","0.120232029249633","0.0474514825788719","0.0192368300983475","0.0192368300983475","1","0.0784609639544286","0.0595470760637659","0.089134181391306","0.371317762532695","0.792365904397483","115","12"
"60","0.251189471552275","0.203663231690028","0.12068377653481","0.115119610820172","0.0490629986883257","0.00477558673188889","0.00477558673188889","1","0.0681136587012346","0.0652627543193058","0.107343272943383","0.513943054440591","0.624928616571296","195","12"
"61","0.242851065313589","0.243851064001946","0.166278877555889","0.163065304428477","0.101825903104656","0.0720382032316993","0.0720382032316993","1","0.0968429424914768","0.1755471147511","5.51747431521371e-05","0.000881132008972354","0.0272024994801416","14","13"
"62","0.273703670645072","0.262342684649337","0.160877827138755","0.157853315788426","0.119493718744163","0.0607416993105473","0.0725708895549394","0.877645483702588","0.146262147264477","0.0419129188072433","0.000624488460185415","0.219230747434459","0.994623185609269","32","13"
"63","0.268041007475348","0.243232936951359","0.13800503078628","0.138542248938215","0.104935457650003","0.0650086818252835","0.0649073448932389","0.997413122809701","0.0682952053722491","0.0896039633060467","8.56265809510226e-05","0.177238578563596","0.999060912899249","65","13"
"64","0.267546453735446","0.237667663018299","0.128532875247412","0.131351856294522","0.100607129595862","0.0539635577308222","0.0539635577308222","1","0.0551573440565821","0.0644120382145612","0.0519936102328857","0.227322638458732","0.905330170822132","115","13"
"65","0.268306478238047","0.227703524811572","0.12068377653481","0.126962480709692","0.106118726106288","0.00978840877951966","0.00978840877951966","1","0.0493250611797542","0.0667819275414467","0.100588097486377","0.339787531797364","0.745632837440373","195","13"
"66","0.224395084749964","0.217424293507525","0.134893935597126","0.12571080394975","0.0518457757460635","0.0792637586557926","0.109122200420082","0.610937939699022","0.017980492583064","8.267409087e-05","0.231655108512281","0.7498222249008","0.536532671961366","14","14"
"67","0.232959679495784","0.218045424419962","0.14996493745716","0.130020744959187","0.0452555474944849","0.0268372842164133","0.068991189847871","0.72605915972272","0.000202854010075624","0.049199662609438","0.145715662284481","0.80449660553218","0.442459103007301","32","14"
"68","0.259381707291502","0.233388445424239","0.136115903202087","0.135042949824394","0.0583565938691134","0.0680480210747279","0.0686973145951506","0.857928442338007","0.0121481264723358","0.0841398583084013","0.0421022329134263","0.309220046079124","0.822071921634025","65","14"
"69","0.258217963969549","0.225242798117475","0.127991754690441","0.126409014792532","0.0569603490558641","0.0612793610620437","0.0611757617948506","0.984241830696294","0.0401850489046014","0.0952403925221257","0.0487538917189135","0.804134079525913","0.369319875916954","115","14"
"70","0.25599347005828","0.218390854179744","0.119566509975135","0.117393668357797","0.0321671907579155","0.0312004332852615","0.0312004332852615","1","0.0373693098158649","0.0910124254131248","0.0799898519394188","0.533218159855378","0.393148579706611","195","14"
"71","0.229491986148149","0.22693187121923","0.166278877555889","0.139725490390143","0.0868067233561039","0.0332444268488301","0.0498801914014266","0.865374620209082","0.057795267321973","0.0525565507848111","0.107791407155695","0.0124465578838617","0.0295663523337911","14","15"
"72","0.241363539323168","0.225207157801286","0.14084943502044","0.129190798647099","0.0442413502015692","0.0384525638139021","0.0809884379287569","0.678392154498352","0.0785724822760322","0.0621186947481767","0.057382395427776","0.245906670563743","0.912515509947866","32","15"
"73","0.243807598024854","0.227261856121714","0.121862079596544","0.117737696564578","0.038493941040432","0.0382211633453756","0.043544398328229","0.86289447309587","0.0445044689534302","0.0937109139388243","0.06430692114787","0.414357477784037","0.823572715709612","65","15"
"74","0.246748507498914","0.213453098574849","0.113098110902167","0.115356360734207","0.0103321749589506","0.0168615048695565","0.0165318365957076","0.982670620548667","0.0372462697288408","0.119552296565834","0.0945933976647183","0.517037446065501","0.569766131996774","115","15"
"75","0.252632200483029","0.211289333537317","0.120143049017205","0.11412485289631","0.0259807956683286","0.0378614353175057","0.0373589856549842","0.981007910301895","0.0343098298706419","0.120125961125248","0.0714081719064818","0.645862041305494","0.572502937100324","195","15"
"76","0.202496929922585","0.197100128321877","0.166278877555889","0.119373624453345","0.0274293228400416","0.0188248804674944","0.0618858038669013","0.703744038275158","0.0293121930963562","0.0818218069054262","0.125277611836451","0.762263136805358","0.507626157477838","14","16"
"77","0.232442111327628","0.21759832083294","0.137769154647147","0.131068583948791","0.0263977516100439","0.0399512993077776","0.0618251665097435","0.77252973492892","0.0481306796531975","0.0647846614133911","0.153082368404924","0.733185601158913","0.553110803486963","32","16"
"78","0.253546703319036","0.234998251102258","0.136765808207532","0.131327204643352","0.0205615763082589","0.0320103015464785","0.0503106150746914","0.825080939965183","0.0750545679798382","0.0551029564733686","0.139895081695614","0.729883378591218","0.504947510071","65","16"
"79","0.252634713883323","0.220475398909637","0.128752877593896","0.120419509700957","0.00349238671074567","0.0234972728719598","0.0258502914151842","0.938886420522773","0.0594303385926081","0.0696305313032558","0.133411503034065","0.737349203161118","0.435104297603202","115","16"
"80","0.252214790227922","0.210187124457519","0.12068377653481","0.114834684520665","0.0178990546057675","0.0029467297130017","0.0029467297130017","1","0.043848299097165","0.0843765534756462","0.107892288179144","0.761772623582314","0.416594873142668","195","16"
"81","0.213666326974512","0.205130907260908","0.166278877555889","0.130202370841719","0.0264889478815201","0.0303913766016382","0.0705486771761387","0.698334277507596","0.0774472612170327","0.139864262139246","0.0738536368871619","0.0154466654942057","0.029500781113603","14","17"
"82","0.272993577215332","0.260693541103533","0.160877827138755","0.154434163783621","0.0990952539323064","0.0952102350986355","0.122490734476271","0.667542425934162","0.00020658492824089","0.286751609404642","3.82285188968485e-05","0.00368608564032035","0.0293700582025823","32","17"
"83","0.254233713828165","0.229870230274087","0.13800503078628","0.130527513807623","0.0754607658709558","0.0734522903189501","0.0732825268882572","0.90427719003174","0.0138358349972999","0.253669147539384","0.0423801941633902","0.685425923347848","0.178542020405499","65","17"
"84","0.254737885755328","0.215776191589591","0.128752877593896","0.124253618638043","0.0531010463653696","0.0434127083422987","0.0435191526675151","0.98072933697867","0.0585593348754631","0.144000356063469","0.060547734547368","0.333498953293547","0.609980243260705","115","17"
"85","0.257640970792177","0.21533084043343","0.12068377653481","0.119478710591816","0.0647606187863557","0.0421997813560561","0.0421997813560561","1","0.0726676749011699","0.130030281819018","0.0635724415705568","0.704910774833029","0.333181307667245","195","17"
"86","0.228863723779667","0.220579706674875","0.134999145091304","0.134330885937628","0.0370362210966757","0.0674212210095077","0.103619100546856","0.589398881388659","0.0315275784607807","0.0534588988601987","0.0571033336714824","0.106004250853699","0.913244449570088","14","18"
"87","0.236919249073149","0.213208591757709","0.159831717454024","0.137538381882921","0.0496136939023987","0.0575718384348054","0.0636714597624613","0.869265459746966","0.0204014141037852","0.0046608726522012","0.0811446320191763","0.441243650888862","0.739801589473164","32","18"
"88","0.250819982143179","0.220754790437741","0.137462799516129","0.123390721753401","0.0468422841131502","0.0356729038337874","0.03773637133047","0.933359487412301","0.00519156092093058","0.0340951076666671","0.0719249935293711","0.248948188027802","0.970215129901413","65","18"
"89","0.243652786025077","0.199766977369928","0.127878655138039","0.111593343863464","0.0160142053968695","0.013030190552143","0.013030190552143","1","0.0298325908393214","0.0267160478309572","0.117474454802115","0.582414135074604","0.541583645872736","115","18"
"90","0.244846841926341","0.203380449568808","0.11986102080579","0.107154582713718","0.0187457009691643","0.0147103535888168","0.0147103535888168","1","0.0292989613815252","0.0290866509387407","0.123463725529691","0.81239578804403","0.485558510281767","195","18"
"91","0.220640975953246","0.219496239486567","0.117648497945527","0.123386041852547","0.0629993582694203","0.0680741495888414","0.123917866229825","0.495102677170294","7.12542120367138e-05","0.0990403991622737","0.012777263611479","0.88755094131822","0.69756755265878","14","19"
"92","0.233602251669657","0.216734645526982","0.154520607056819","0.13343304422291","0.0175476480735294","0.0162844038420206","0.0702312954861505","0.708500265487843","0.0146371617413472","0.0920458881351941","0.107612139084374","0.66525880555136","0.0783924958870969","32","19"
"93","0.243875295076674","0.220005822639405","0.133423543430819","0.123970174183436","0.0111342525559986","0.0154139973981309","0.0349484161309829","0.866485159642741","0.0645996453416126","0.0639809437293645","0.09668194150807","0.231503677024717","0.682259032175789","65","19"
"94","0.248700940584249","0.214127406134495","0.128752877593896","0.118143000140462","0.0267549058537035","0.00887347688802681","0.00887347688802681","1","0.0633556263669677","0.0526715239060666","0.114150487831442","0.766498205129711","0.279006232881276","115","19"
"95","0.253288976426953","0.218378492912974","0.12068377653481","0.115831454748153","0.0220296907762025","0.0168621923767758","0.0168621923767758","1","0.0459935597830808","0.078006937933717","0.128118656887154","0.745911831377778","0.304797144364187","195","19"
"96","0.217996999333727","0.213746399934153","0.173102157883247","0.161295567240912","0.117061554800844","0.0576929145059333","0.0698906146897122","0.845002484464384","0.0119783118652724","0.0922643295488471","0.000323096878495425","0.125313839612086","0.995179626244202","14","20"
"97","0.254370459667811","0.237942123101763","0.162914830772413","0.150524057198267","0.0633679128220081","0.0740197748445371","0.080788467503849","0.835018039766193","0.0516935996202817","0.00287284643532322","0.0348054498439742","0.226507124492687","0.996960134578891","32","20"
"98","0.260565635514212","0.235081435624467","0.137631903916898","0.136087764344623","0.0640472003051603","0.0533733748830277","0.0567672433421688","0.90518445036109","0.0438347663163039","0.0115338382781338","0.0357102217632607","0.165640784609816","0.996950157299381","65","20"
"99","0.253312811374824","0.216250172356234","0.128321385047267","0.123186808374738","0.0556013391741116","0.0133484443009791","0.0133484443009791","1","0.0613869054483844","0.0274647969597614","0.117166891378117","0.788745923134138","0.323958286711245","115","20"
"100","0.256851150812052","0.212111663371308","0.12034755699549","0.119866917753369","0.0599741533482234","0.0168640195734806","0.0168640195734806","1","0.039979380692286","0.0436859958685401","0.126988899798805","0.788191348622528","0.333201545029938","195","20"
"101","0.242128954507629","0.234274795504853","0.161563949873893","0.111167407969261","0.234384915127147","0.154787571452522","0.174150581394582","0.466757508221614","0.000514571359798428","0.170221301776766","0.251220867126786","0.573530308320162","0.258470290752615","14","21"
"102","0.21822993432436","0.206715969374405","0.12410449121286","0.121749711721943","0.0602315160610659","0.0497161308207624","0.0658835544149033","0.837240856922293","0.0578245463957172","0.212788040995565","0.108185600716783","0.51103576342384","0.472842868759963","32","21"
"103","0.248635649627478","0.227473390789253","0.136770236503904","0.126020026858938","0.0237677912954691","0.0213106494157335","0.0430852683730629","0.858202911447117","0.0786264696931002","0.163218855855188","0.101455539120473","0.643462229240088","0.395574080522062","65","21"
"104","0.249057270006576","0.218047186509692","0.127899904351651","0.118468776683137","0.0503357523490683","0.018474076861399","0.0387193285162169","0.850084156145844","0.0788571024413795","0.108934779562576","0.0887244142240998","0.501645506988022","0.605500221642997","115","21"
"105","0.248659614632532","0.210974583882904","0.12068377653481","0.111805597768878","0.0363918816084468","0.00996805954252796","0.0114216506862945","0.965335435062411","0.0724539044679703","0.102313125232992","0.100456893304638","0.422431731231738","0.646641456205651","195","21"
"106","0.21151717421804","0.203397313091715","0.166278877555889","0.127303613562324","0.0401789576024381","0.0501800700853141","0.0743480195411793","0.676239189182012","0.000347423667505646","0.0475620588443588","0.168030809937009","0.612293113249135","0.696452550305215","14","22"
"107","0.248907753901778","0.232520317871606","0.145526649911115","0.146120181920974","0.0841355423665212","0.0766872640018232","0.0830439035848241","0.854105226066367","0.0707949734577313","0.125828461388196","0.000201375100278367","0.672202115389785","0.639122294127489","32","22"
"108","0.267515578407913","0.239626985311622","0.13800503078628","0.13775878374643","0.102518317132482","0.0843531365758735","0.0843531365758735","1","0.0773686220341594","0.117696132669009","0.0086450370796821","0.279129001275759","0.814593958161791","65","22"
"109","0.264581360922545","0.225298656516307","0.128752877593896","0.129386436472982","0.0920246842421386","0.0605332088087048","0.0605332088087048","1","0.0738959276065785","0.10960547815846","0.0405080734797209","0.230405743450399","0.836990631342617","115","22"
"110","0.260371074462006","0.214038809553996","0.12068377653481","0.120354957920919","0.0639023322842036","0.024167951942502","0.024167951942502","1","0.06102267231667","0.0929789886829412","0.0841812840449487","0.647160855093406","0.43836949077514","195","22"
"111","0.30994388217411","0.305910006069569","0.186505516849053","0.178876638439479","0.122296823714279","0.119998062329825","0.185835832891418","0.513748745824478","0.250616177144969","0.0286224875211153","7.57429937611004e-05","0.000335871042924838","0.0292558579975257","14","23"
"112","0.266555294148047","0.25559811170079","0.155531863273687","0.1503206262548","0.080685594109081","0.0784809393962825","0.0903040440349892","0.79117165296329","0.161318843097493","0.124123521620492","0.000393608085712937","0.678765132639048","0.189689757910466","32","23"
"113","0.263097719114151","0.239647504113287","0.13653719883298","0.135931924441244","0.0728701962052933","0.0199643138415198","0.0388810556791619","0.856433070317263","0.0462911083783089","0.0921362224663162","0.123345898234822","0.190705294662265","0.900657078775728","65","23"
"114","0.259266326202046","0.226678814284092","0.124759559585603","0.128323189095688","0.0615885859925246","0.00171411866788391","0.00359783596034611","0.988637855761511","0.0507545284725836","0.0824980094233877","0.108701051054459","0.45107603592426","0.54084056004907","115","23"
"115","0.256543592076582","0.212901503162853","0.115784926838359","0.119255978080487","0.0575621120084485","0.029615001518568","0.029615001518568","1","0.0910220709524652","0.081625257346432","0.0781231933814392","0.691467655887185","0.434922006372416","195","23"
"116","0.230129165568953","0.225435031654037","0.153055295061992","0.137550990746857","0.0454819616268294","0.0491776905119064","0.0905479854105114","0.670239393731222","6.08692800429462e-05","0.0272756725932325","0.152272341485771","0.000899983217976248","0.980257957478436","14","24"
"117","0.253454541681142","0.244842106598452","0.156377082213476","0.139686877476511","0.0759527644370745","0.0542733794771069","0.082645882575264","0.749972391592008","0.0131730291261037","0.205663198014704","0.0540004559669032","0.00404292168732007","0.999787269583773","32","24"
"118","0.25022037454133","0.224409193822817","0.136965112887141","0.124785846698103","0.0352026560895223","0.00820455180040899","0.0205201025397869","0.922606614458909","0.0417698157363873","0.089047286370685","0.119558331453069","0.742926519572304","0.234560909191963","65","24"
"119","0.261384413198647","0.223608729156698","0.128227980506499","0.127069873291399","0.0648878540324568","0.03647208206623","0.0364751798931787","0.999899921454783","0.0447494183367018","0.116140155614207","0.0722219035820066","0.763838051152491","0.239600018203815","115","24"
"120","0.261888184736262","0.219933212910058","0.120380481211611","0.122424386210125","0.0619226746387636","0.0411086019233277","0.0411086019233277","1","0.0462484528006842","0.115282247981161","0.06756745440863","0.76183144269368","0.346552049970764","195","24"
"121","0.296853494514292","0.295003823750147","0.166278877555889","0.169153315473442","0.0504952506146737","0.0615388480101067","0.183070602556337","0.439547280531169","0.0675731892675767","0.166014123706465","4.87822561006683e-05","0.766217077301318","0.570272708921374","14","25"
"122","0.247632338816928","0.236487900275048","0.160877827138755","0.132012657115753","0.0535180316291181","0.0760978155444264","0.100336550130951","0.664926158619684","0.0356646067265098","0.152342825108058","1.3368621227974e-05","0.810967870368191","0.640491711756238","32","25"
"123","0.254342970274936","0.237980458003826","0.13800503078628","0.123807869701539","0.0377245903250694","0.00526879120409277","0.0621508842264516","0.754836131122454","0.0405104649442814","0.0982374372928551","0.106101755384772","0.751921119490938","0.345832166903867","65","25"
"124","0.249913675125479","0.219912183662312","0.128295341310895","0.117869019987617","0.0361226371240435","0.00872678458203607","0.0270344092888259","0.898531471609059","0.0201398647796688","0.0728676886520404","0.113878579182491","0.77809890258041","0.300840399336665","115","25"
"125","0.249532925933442","0.215525021814336","0.120484577649338","0.112428821832711","0.0119420044854208","0.022372784166021","0.022372784166021","1","0.0179722991017519","0.0817094628655252","0.134551261753984","0.752403316083543","0.298544666337306","195","25"
"126","0.238834787474584","0.227297545140668","0.155830079027783","0.158850681457129","0.0876557442641245","0.0708863577490118","0.0956305754013044","0.734898423591939","0.000134769604043209","0.208112356618535","1.16028668270049e-05","0.000107423483029149","0.0298204529746909","14","26"
"127","0.229986012168244","0.207830528517856","0.132064452630684","0.127837918348957","0.0239998504110904","0.0495670392189345","0.0486997996079635","0.870682897196186","0.0833337256323343","0.0416731867110901","0.174938668162388","0.697153327110776","0.267347492948487","32","26"
"128","0.250101185533462","0.226187407607318","0.120737409326129","0.125851560529423","0.0302159589782615","0.0253262073245377","0.0242299058771733","0.976764915695111","0.0990566764508707","0.0623303715411068","0.128572830511876","0.317365775352994","0.338480611470189","65","26"
"129","0.246431260985405","0.211018299053968","0.128777705687384","0.115766787294415","0.0180123661954386","0.0522647930541402","0.0522647930541402","1","0.0361892243183163","0.0534620651984372","0.169221283679989","0.536917718880872","0.346031264860436","115","26"
"130","0.255244209156887","0.212619556079821","0.120631569610218","0.116260777082702","0.0378876529650715","0.0136069118438771","0.0136069118438771","1","0.0421738208560469","0.0709759221164206","0.124839920425186","0.613084914246601","0.397571430280351","195","26"
"131","0.255140083360508","0.246222867614236","0.186680743265385","0.152896749149706","0.0580869198461518","0.0893776316574174","0.168929607013448","0.367648909405311","0.0617491843013879","0.0420093308804569","0.0450545995037087","0.827484925594185","0.160811388313376","14","27"
"132","0.241285613440262","0.228835976555748","0.160877827138755","0.133295064877515","0.0173944828724818","0.0432124614732611","0.0830285093743726","0.66606404587734","0.0704649467524586","0.0605315593293609","0.0661266811309313","0.802044948188498","0.488527562244727","32","27"
"133","0.241672297175613","0.214673959047446","0.13800503078628","0.120006262283951","0.0444821603186959","0.0358775510865984","0.0365512695253064","0.922250585979407","0.0783314278152591","0.0919160131307849","0.0683937790154123","0.760144244421495","0.310382345463488","65","27"
"134","0.249582173369615","0.21574742135371","0.128752877593896","0.117637398775989","0.0308493681100365","0.0388446775304352","0.0383758081831134","0.983349651584925","0.0791263196739424","0.129758608892686","0.0637994767987045","0.711012050591368","0.246101303776787","115","27"
"135","0.252562324492636","0.217267479663181","0.117722749103299","0.113587185781395","0.00456834151663615","0.0161420068535835","0.0161420068535835","1","0.0614287747307983","0.103763615635509","0.0925390814149865","0.496692677054837","0.322102994472754","195","27"
"136","0.212252745414826","0.208814106821704","0.166278877555889","0.145174234330809","0.0645329947804847","0.0739433569644679","0.0740719624845967","0.926284347913666","0.0381506815789259","0.182102089734523","0.00151455096221241","0.00206763963714086","0.0275807168072235","14","28"
"137","0.246397645449306","0.226210789404468","0.153408277609442","0.145528940326556","0.0901904767818561","0.0597517532102189","0.0643473772168217","0.928268711716344","0.0357465187873965","0.0501194806105426","0.0025242775954382","0.160705257523921","0.997803778309272","32","28"
"138","0.248701450601562","0.215223918096799","0.130318241815759","0.126608340710582","0.0661072304899017","0.0267980586960223","0.0267980586960223","1","0.0111882392533551","0.0633195968883437","0.138898134172181","0.115406131087378","0.934853053978165","65","28"
"139","0.250565555311188","0.206611462509283","0.128752877593896","0.120552499661966","0.0586816555174288","0.0575237144775899","0.0551460378325176","0.97791402113162","0.0165595869734966","0.0918182643945753","0.153724243214723","0.0638296588624573","0.99816714043503","115","28"
"140","0.247275011969557","0.199609141593574","0.119845804461299","0.11157523547824","0.0147196579195117","0.0334196159640813","0.0334196159640813","1","0.0353867638538709","0.0897947568133118","0.145172688447847","0.635684657666989","0.354426286819944","195","28"
"141","0.251593514537154","0.244196507632151","0.166278877555889","0.16725164677","0.114110563292625","0.118790623739003","0.142415168660878","0.645580057629237","0.192657292995617","0.000151985794457011","2.74955570666384e-05","0.806880588679948","0.409169442392432","14","29"
"142","0.251593958266801","0.236619874559791","0.160877827138755","0.143003085816266","0.0757542571761225","0.0907077123180106","0.0905617023634851","0.786285796311997","0.0575007012027058","0.108084170687113","0.00216854254014757","0.824744205416683","0.451787769924186","32","29"
"143","0.2533011924119","0.230713828760197","0.13800503078628","0.12795069001628","0.0578392194564489","0.0688114481651235","0.0671389030873954","0.87064443356942","0.0388315154848141","0.0981649050068227","0.0396634265222575","0.815847263069665","0.381338062921886","65","29"
"144","0.260172359141003","0.226862592830035","0.124526832085622","0.1280401265377","0.0545929788567578","0.0679899155029439","0.0669544634669302","0.943014227500717","0.060008070638954","0.102692953129952","0.0361563581714894","0.346678014800907","0.738277527055199","115","29"
"145","0.258656171805757","0.217267331868056","0.117272561199304","0.118684306679794","0.048186862590402","0.0617169250174335","0.0614584303804617","0.979238360418892","0.056801506522136","0.107386086915836","0.0456185460074827","0.380336463603956","0.648337787515125","195","29"
"146","0.242556851331691","0.233513884214145","0.160520194557324","0.14835309768158","0.0872374054020562","0.0889266723647519","0.113866830275619","0.655456179922063","0.0965265433802657","0.0594168056889634","0.000334923755306578","0.0456478750889649","0.999899998634846","14","30"
"147","0.228872221819264","0.20810926284578","0.160877827138755","0.123467385090302","0.0298107934472667","0.0561106668598212","0.0569297510385844","0.833373332794931","0.103843080220768","0.0917583048594506","0.0415984529472534","0.385614192629741","0.403944804845714","32","30"
"148","0.242662072171295","0.216459312603183","0.137283698881884","0.118234878358177","0.0208715505452047","0.0467896633112294","0.0485253263479394","0.852149463587007","0.0838083436003573","0.0932749170499913","0.0549416435611362","0.288088912612488","0.640933451618989","65","30"
"149","0.243970940127041","0.21020404684257","0.12847668311097","0.113758818144954","0.0159934030968206","0.0306356880076858","0.0306356880076858","1","0.0685669651307582","0.0857009411957925","0.0775913853241519","0.727635463451557","0.242265145318399","115","30"
"150","0.246354217795515","0.205034456697164","0.120451196896213","0.106876796441054","0.00479845747311154","0.0243213557516152","0.0243213557516152","1","0.0761557727531938","0.064467316227455","0.084307078003555","0.409657519650141","0.574233093919236","195","30"
"151","0.270069126813944","0.271094074728094","0.166278877555889","0.169332984896242","0.11530228230138","0.0721328096987577","0.116349259586505","0.665833557353879","3.19598443758273e-05","0.000288539591114146","5.71287117926025e-05","0.730378803284296","0.940780864091632","14","31"
"152","0.248506911513634","0.228282312126136","0.149895287728036","0.140197894444712","0.0823388612712848","0.0843835399868618","0.0833950776391139","0.900805028395071","0.000405648170207797","0.12154157138637","0.0199777056214388","0.856072846413173","0.367575398153816","32","31"
"153","0.247425378137843","0.215950996394697","0.136285771655255","0.12248627971197","0.0457341055885614","0.0226309343689384","0.0226309343689384","1","0.0475364477536141","0.077002989881201","0.0919848595490568","0.746845496612908","0.210720522449864","65","31"
"154","0.248041766836576","0.212374204017504","0.127471624979901","0.115623417516959","0.0368843491962468","0.0470141790939076","0.0470141790939076","1","0.0450658147009555","0.0709417807578177","0.16115578360929","0.71926285889425","0.152891778834357","115","31"
"155","0.249557793666243","0.208190377051562","0.12068377653481","0.110311724853418","0.0225718331414507","0.0117753396128648","0.0117753396128648","1","0.0544643269395685","0.0774660696589039","0.121824679746724","0.745401394460752","0.236691313121987","195","31"
"156","0.273897158529839","0.279792104401425","0.172319631178766","0.163424259446441","0.121673631271162","0.0828216823044121","0.128784796074583","0.647528506173546","0.111415347147902","3.06387943458338e-05","0.000438916520886204","0.134107701265119","0.995004589562724","14","32"
"157","0.271075254701661","0.252075103080932","0.160877827138755","0.15725854144936","0.105881106419532","0.0845264634028588","0.0954344627668962","0.829086621606009","0.13643946895506","0.0820138110803631","0.000217017278171866","0.776197671059515","0.483848604171189","32","32"
"158","0.264778277907353","0.243010612561677","0.136163720381269","0.138125056873824","0.100947591717215","0.0698737926795173","0.0698742567081391","0.999541747051965","0.140671948179041","0.0930159522502984","0.0211324824245316","0.744596638671078","0.478910346628271","65","32"
"159","0.262453522648734","0.230291678209709","0.128752877593896","0.128737010275275","0.0754611847123366","0.0318598537480455","0.0318598537480455","1","0.0786716337523873","0.0723092850271518","0.0734822564245902","0.516536935835583","0.607665887711232","115","32"
"160","0.262312524814488","0.221344886877324","0.12068377653481","0.123161095878499","0.0760161212440056","0.00602078042374822","0.00602078042374822","1","0.0747032990270725","0.082187013707891","0.105681834693288","0.734374208005042","0.379972528924222","195","32"
"161","0.280091588353656","0.278745564826545","0.166278877555889","0.153438019253512","0.100677739093905","0.0630413377817723","0.107531117402825","0.634736359288198","6.4169524062341e-05","0.000105792059018453","0.220588673511277","0.779171155844711","0.414535840040123","14","33"
"162","0.260546760869602","0.240476025635721","0.140613564672871","0.146417829189494","0.0185032733328995","0.0802199479500946","0.0867606062040717","0.718871190253599","0.0221638128857579","0.051904935059144","0.214640508857599","0.168530811802871","0.75600098122677","32","33"
"163","0.255001888023884","0.227674333806267","0.137393287089543","0.126612859237426","0.0360441185391844","0.0319909047920312","0.0355296814509187","0.900229042207551","0.0405198045662975","0.0575517068715847","0.148796595350272","0.188252824611816","0.595304418669907","65","33"
"164","0.254733675479442","0.220998284685407","0.128146232276662","0.120383887131719","0.0403446677306982","0.0250132969880568","0.0242023986807658","0.97881882973076","0.0437816590073172","0.0493990536754935","0.136925521364676","0.378693215771296","0.472135658982201","115","33"
"165","0.25415720588803","0.213751845087336","0.120461934389283","0.116396802369408","0.0232081987208275","0.0200821220182774","0.0200821220182774","1","0.0441676409070971","0.0732823129515385","0.131730501835195","0.744950651999281","0.295072125901578","195","33"
"166","0.250339401256832","0.254667253079565","0.169167626778115","0.167381200042508","0.138971857840935","0.0949782775244524","0.0949782775244524","1","0.000393708586066307","0.00301465618995594","0.0493367231370753","0.946951445598216","0.417844184724795","14","34"
"167","0.258322310809541","0.242618295499602","0.159978046125728","0.150448899572121","0.106371258745442","0.0685553707827841","0.0685553707827841","1","0.0425528498457045","0.210377728755057","0.000431503910625283","0.743221508906402","0.258332173647626","32","34"
"168","0.263342694862355","0.236688074605155","0.138142771146752","0.1396113379449","0.0745279881809013","0.0424029180107323","0.0336695907832336","0.9200187123885","0.023427447254449","0.0970124425708041","0.156485959576263","0.717508768988965","0.380125879565668","65","34"
"169","0.263527744801052","0.222574034587284","0.128763754631816","0.133126669376348","0.0855273378588031","0.00693019808499911","0.00693019808499911","1","0.0556077416712084","0.105357004313064","0.10283939183564","0.73558975487668","0.230708948790892","115","34"
"170","0.264895321919853","0.215851707865239","0.120588603849034","0.126543855242405","0.0710726904647577","0.0325343729138842","0.031578682287491","0.991537485984508","0.0352296497325206","0.0671098146323131","0.14538793493052","0.75203859921747","0.343764578573572","195","34"
"171","0.216616788367423","0.2123747115386","0.161857871595911","0.10461427894021","0.271550835769342","0.108043348477557","0.163074516176815","0.31536936799606","2.65654109941191e-05","3.07738987548191e-05","0.274768200879234","0.724964627590634","0.430140228680275","14","35"
"172","0.229860343608987","0.219602046425596","0.127555849553382","0.119544497777708","0.182916018592712","0.0508196560099116","0.123906228870192","0.501063054364523","0.014971822588455","5.91489215001076e-06","0.190663762533285","0.79428232958811","0.324009071281295","32","35"
"173","0.24452186873564","0.222442392160344","0.10356897588885","0.116396485667126","0.143163463250832","0.0391526830552714","0.0908457323458929","0.662862009491566","0.0337101659470919","6.0992674441594e-05","0.150734345118651","0.814863231374793","0.462990107862001","65","35"
"174","0.2459750781868","0.221301069053138","0.0897557103778576","0.11262662905806","0.121326726599383","0.0217511958605987","0.0645712081519732","0.756784558479943","0.0307125094185226","0.0472438397831335","0.134922273841366","0.765093109867547","0.385967799398983","115","35"
"175","0.248278251881859","0.215157950615744","0.106056407378622","0.10977640570276","0.0987873432657672","0.0193761029242688","0.0437321179370608","0.844601419284977","0.0382128392860334","0.0553787308732393","0.13079875640678","0.774982580862634","0.361427641027805","195","35"
"176","0.234948981676533","0.22868575535586","0.166278877555889","0.12955685832732","0.0484695059886742","0.0574838521573095","0.0916373059140858","0.683487451892132","0.0158377489829743","0.0919820628291072","0.023728546846443","0.166102919452999","0.999899999745427","14","36"
"177","0.218625462663276","0.203911926113085","0.160877827138755","0.118966514678599","0.0163534588896709","0.0502950615429217","0.05063212003232","0.837330384111885","0.0544622566283403","0.0832437675303447","0.0662481428036892","0.275095010033868","0.219282890642303","32","36"
"178","0.240448203986389","0.220864849675821","0.112202128103424","0.113126809913798","0.0393920360928444","0.0257311026935373","0.0411306315919933","0.830948859573134","0.0454040315684132","0.0773757745579357","0.0861242867207369","0.790810037374147","0.376627987526134","65","36"
"179","0.254456992128272","0.225488561786483","0.105520408289734","0.121024857869849","0.0221605539061545","0.0225309300011559","0.0314109030448594","0.906562049964211","0.0301199679691564","0.0917679821924938","0.0758812950191677","0.0523817605906597","0.999899999839883","115","36"
"180","0.255178159739783","0.221835253949182","0.119242296643775","0.117877094028784","0.0286257593818585","0.00810427547296116","0.0116265879348409","0.967545533496959","0.0434893686666431","0.0768165293065175","0.118703104972746","0.744694564233303","0.283742671855937","195","36"
"181","0.238602827654379","0.231394206763325","0.186716340718523","0.15384120691172","0.103187066262221","0.0879148002168521","0.0967362512372499","0.737487502222989","0.195014633124314","0.131916658615165","0.000188817394120705","0.548549260176973","0.0084304708824155","14","37"
"182","0.259918605925731","0.246770518511489","0.157833362736764","0.150970841552602","0.108177055385585","0.0936944254416331","0.0971881620235804","0.832340783887446","0.103075872715179","0.0481955277549421","0.0154232724490426","0.812983476024254","0.38481982005719","32","37"
"183","0.257981621690435","0.224680236873954","0.13735989896241","0.131899758305139","0.0946002654629063","0.0714325058710962","0.0714325058710962","1","0.0459583022483741","0.0511181712268094","0.0411199524830292","0.860652835558164","0.477710450969168","65","37"
"184","0.265235476048488","0.227127069370242","0.128752877593896","0.130137570378344","0.103210050981376","0.0784753150991491","0.0784753150991491","1","0.0463197395527901","0.0713221792168994","0.0306056166435337","0.537753766386595","0.64653252623781","115","37"
"185","0.265371703271527","0.217888640703014","0.12068377653481","0.124428253427835","0.097005705329782","0.0529690448502515","0.0529690448502515","1","0.0428532239193459","0.0884781908246484","0.0567351581916214","0.807732199375044","0.451141126297084","195","37"
"186","0.264834951433985","0.261929538039758","0.160322005466312","0.162228128304084","0.114674554744583","0.0460950165622344","0.110169830814725","0.62129451266711","0.00485883757930631","0.0327630956931195","0.149018773572084","0.00514285322383058","0.0286529324888682","14","38"
"187","0.269843124870224","0.251840829342001","0.158311477096899","0.158298455018187","0.113735193615903","0.0988223121678385","0.111124105885968","0.592074198896906","0.0330949025018684","0.0260567572273115","0.238753723213393","0.0219842389998396","0.997276275140127","32","38"
"188","0.261265906393089","0.231112878651172","0.137378523617965","0.128725349712861","0.070884659392226","0.0878125633448539","0.0749980625398969","0.781797814314892","0.0207541993500737","0.062040821638317","0.208427077783258","0.3384552779686","0.6377665761102","65","38"
"189","0.253661373293107","0.215618400189326","0.128172816958156","0.117879569170882","0.0553273429896222","0.0986826830249393","0.0818294541020049","0.871489964214731","0.0535588950248448","0.0628437088691049","0.211493966017402","0.368578933292285","0.579029181670146","115","38"
"190","0.252530267975337","0.211580264323078","0.120077936595563","0.113203250030598","0.0473372891980853","0.0725353332354382","0.0706116056143061","0.981051045100749","0.0432541701701128","0.0739702448105461","0.18411303781754","0.375365920760033","0.602504154025594","195","38"
"191","0.232891260532022","0.231099773596853","0.151278522018219","0.143473798387357","0.126404836590249","0.143855908767968","0.176747082701151","0.397686911319496","0.0680830102652156","0.397491477560055","0.000113973722012874","0.533988279171979","0.394959688614139","14","39"
"192","0.261191441498833","0.244215968550879","0.15570369915088","0.153449874525657","0.093653882256445","0.100999192281287","0.10724442799656","0.630324336767147","0.0200315332891802","0.301238522937335","0.0142045504153506","0.663303728677166","0.461805535368669","32","39"
"193","0.268250984361991","0.244431759239721","0.13800503078628","0.139221665854532","0.104197145843712","0.0492578773203452","0.0511349901056094","0.952041635250041","0.000236228386811197","0.141699889042313","0.0605484588544122","0.629285907912238","0.674189543715791","65","39"
"194","0.268874620322849","0.23280423101164","0.128752877593896","0.134973242315871","0.106557738348703","0.0483136902562929","0.0483136902562929","1","0.0186788277048165","0.151090871374657","0.0618309252462923","0.766730487709609","0.411927320175168","115","39"
"195","0.26160216382918","0.214387862246443","0.12068377653481","0.121826101885473","0.0851012400360812","0.00689302204100895","0.00689302204100895","1","0.0394355304268565","0.099936318616008","0.116517207605598","0.743114092283384","0.380795733754682","195","39"
"196","0.229176822166519","0.224681049329012","0.149366890207503","0.140652481146636","0.0689427480846143","0.0766764519350159","0.1303054075682","0.511967258199234","2.37203847023274e-05","1.43785051602188e-05","7.0940306810902e-05","0.174667307027712","0.999877358876643","14","40"
"197","0.247235771140324","0.226888783687366","0.156307886698449","0.127209993463601","0.0421400445118551","0.0357353020869214","0.0850363600529603","0.675264999442646","0.0614286122396368","0.0246191152059904","0.137584007928413","0.000788739129257117","0.99868275495611","32","40"
"198","0.257438835841122","0.239424603043317","0.133672407577636","0.108839624970741","0.0797033459924592","0.0413910400726393","0.0666754399348314","0.796822643668209","0.0430572066980206","0.0285042706329776","0.145143465815499","0.0227213387092732","0.999899999601628","65","40"
"199","0.259979202008841","0.237394077988276","0.12572619023391","0.109900795881436","0.058220208492582","0.0278073118545821","0.0466197315850817","0.857796037487613","0.0479524973669049","0.0391585068530141","0.139109945703473","0.441726036923806","0.557773715823252","115","40"
"200","0.259417894474151","0.23185858635878","0.119578042245779","0.111864613908087","0.0358246369439838","0.011059938225886","0.0215105927433109","0.930965325960251","0.0569909823284891","0.0606904306371598","0.120166115002032","0.584763376005166","0.487453011729579","195","40"
