"","V1","V2","V3","V4","V5","V6","V7","V8","comcol","sameRegion","intercept","spatial","beta","V14","V15"
"1","0.228939480269801","0.22616311132653","0.166278877555889","0.147719861579814","0.0446758533338087","0.0427877149479237","0.107963753925288","0.554360655059265","0.0450843526312655","8.72008972236461e-05","0.119881383990728","0.83457943064027","0.318158385433312","14","1"
"2","0.242894493753586","0.222990532775428","0.160877827138755","0.13639601079176","0.0598654780432335","0.0545443836582238","0.0634328835713358","0.863553081024535","0.118345021398008","0.0294298273418593","0.0207173069537734","0.220999007351047","0.987291155066985","32","1"
"3","0.257324084733364","0.228997504060099","0.13800503078628","0.130466315578775","0.0816783326962051","0.092239332137243","0.0916818924442033","0.97347472669892","0.208024368856444","0.0570201799265181","0.000489351516708828","0.224067715430717","0.941423225322183","65","1"
"4","0.259226589741078","0.22702747642764","0.128080679433916","0.124709608157597","0.060583596017554","0.0610332628532675","0.061039500517078","0.976885620518824","0.0989618158939411","0.0602995576317255","0.0400306019916466","0.373549233876046","0.786905317306753","115","1"
"5","0.255755744162852","0.21376213665603","0.120158773975389","0.117490694383007","0.0485943189136215","0.058593884348311","0.058593884348311","1","0.0586318876458045","0.0795407917491495","0.0482434927974731","0.317588902994285","0.839541221082115","195","1"
"6","0.253841145015915","0.249399134916135","0.16046288840267","0.156884006007533","0.104875749402361","0.112137942851424","0.139131435662282","0.577568677668354","0.18552855883468","0.0507356768042526","0.00063000680487964","0.671391813611223","0.102315759559313","14","2"
"7","0.240782538941721","0.220103057257478","0.160877827138755","0.128884541627239","0.0411116111768994","0.0643921343323294","0.0745280375764387","0.753759192190934","0.120337674258793","0.0948480446353153","0.0181623392082187","0.0241326524374666","0.99989999677927","32","2"
"8","0.248999640951156","0.216444708079989","0.137894112132108","0.123921491033879","0.0301118893283517","0.0167136289950549","0.0179795623610869","0.962314117173823","0.0444606954498519","0.105232966068533","0.0942907000413021","0.718632067395732","0.16168323301878","65","2"
"9","0.247553249756026","0.210669537378352","0.12837128641831","0.114433255203372","0.0081842364871368","0.016865982374974","0.0167983787514672","0.987012346588551","0.0547508183233043","0.104086695123028","0.0913506862429179","0.744249667783659","0.284909485436595","115","2"
"10","0.249499706225471","0.212958874358832","0.120000860972098","0.112264179622351","0.0203552989087595","0.013225303536416","0.0129157826636702","0.984517236806321","0.0625834687801623","0.114106328073219","0.0954354539422276","0.727521599614156","0.310509687844613","195","2"
"11","0.248770386383993","0.246172951523879","0.161163127956661","0.152953220813734","0.0186251346757865","0.0349409675930007","0.116140243675357","0.498836978680483","0.0513321591742343","0.0468567530807793","0.0965343125045006","0.802780750323219","0.285894672129834","14","3"
"12","0.232703932554929","0.213291108577232","0.146533742643442","0.120945047900984","0.0554531585193744","0.0174883129365177","0.0603485265471684","0.729916129877431","0.0932926045473896","0.065328289583929","0.116516763867002","0.724652751541363","0.446681233551261","32","3"
"13","0.239912283960376","0.215436305870617","0.12288570928584","0.121605520966195","0.0289849388603975","0.0243611796058809","0.0304677972379974","0.90069843949478","0.0357506278458975","0.0685603600515148","0.14057485317677","0.753799594540516","0.361945543294346","65","3"
"14","0.244703068161854","0.211873982537854","0.115353751938192","0.116400676157502","0.0159206145894579","0.0207497063442108","0.021142966530731","0.977132320682688","0.0198127773464803","0.0645986357704478","0.135463462729237","0.778802164558192","0.322153869943435","115","3"
"15","0.250896588744519","0.213141961512025","0.105771341437624","0.115591078611653","0.00336514949539814","0.0156124632213435","0.0156124632213435","1","0.0256372688074747","0.0714280672471423","0.127158639232703","0.77049721322893","0.358789851274611","195","3"
"16","0.204174719122805","0.199161397456914","0.166278877555889","0.107805221401017","0.0393948136883506","0.057339519470626","0.0569166270701094","0.818716672901271","0.000130613800451945","0.120955527786115","0.0951921324526248","0.333443281737399","0.958739752030923","14","4"
"17","0.218709833984879","0.199623447101188","0.156549721703838","0.118561423296378","0.0248329780486354","0.0616085447628792","0.0593156943616876","0.96996423786796","0.0690909501911349","0.0422271348936794","0.165931111916313","0.449303812356188","0.828961541833428","32","4"
"18","0.245346599509536","0.209947918524232","0.137122989859863","0.124313280771053","0.0690378178854579","0.0380343851720497","0.0393251966398756","0.9487846508909","0.0941820931585863","0.0372096322586099","0.0586999850855996","0.256546970551855","0.972466753655398","65","4"
"19","0.25141391157897","0.210799166818968","0.127823886251363","0.120539030092716","0.0563038409425373","0.0152141803342972","0.0154230734575803","0.989079945485133","0.0762279686280025","0.0581646688325473","0.0948026241272314","0.317444875362227","0.831063904461811","115","4"
"20","0.254143021019466","0.211529356603405","0.120347454931685","0.114666445319683","0.0477412619052362","0.0343014687105813","0.0343014687105813","1","0.0676227763356446","0.0493656866093191","0.144510712848493","0.607697890107054","0.44518772214529","195","4"
"21","0.26454616211873","0.259631734534853","0.210918414000786","0.165474539700456","0.0593578350167932","0.0808931457852298","0.12124053406245","0.581930672288731","0.000307395753559594","0.181791855926864","1.16573331642214e-05","9.4118835822205e-05","0.0288794763831111","14","5"
"22","0.248318501179384","0.236130656749295","0.15965826569149","0.141229872699953","0.0646189655909706","0.0746144882902747","0.074233048228317","0.952427937293994","0.0654105107140691","0.222315904472824","0.000995190192342236","0.000923510783361367","0.0291533822115279","32","5"
"23","0.25815260792958","0.227957646997786","0.137785086856972","0.133547794074122","0.0588940289833662","0.0536250320658345","0.0536250320658345","1","0.0718344487094698","0.140797126384397","0.0439731333388581","0.623910986835301","0.315788908353039","65","5"
"24","0.259510093780577","0.220569297983777","0.128598373881","0.126356901199606","0.037535974299047","0.00627632104280072","0.00627632104280072","1","0.0463165709969264","0.0921246845404119","0.104525110120512","0.751441555044203","0.293920633864673","115","5"
"25","0.260843498507967","0.215750976271817","0.120438205619275","0.122103337049796","0.0476174844680411","0.015304389614789","0.015304389614789","1","0.0656406989577702","0.0855714305561309","0.093882881818471","0.74488650197833","0.243730716006103","195","5"
"26","0.203462342307126","0.200833081600398","0.155407819141579","0.13577755096561","0.0461859213807096","0.0698137738115475","0.136654598254943","0.520765808269351","0.000520414871531807","0.237902513588613","0.000389871454644427","0.000526295683284984","0.029244660769742","14","6"
"27","0.245858973900307","0.229844879971047","0.157812839096544","0.146951089304027","0.0981274695643198","0.0850072899723473","0.0886443372106721","0.890667283384963","4.42208401301834e-05","0.181295219214131","0.000240993113373923","0.0503044344804722","0.902345248590678","32","6"
"28","0.263970372058717","0.240959220541833","0.13800503078628","0.134890761913007","0.0828722655560114","0.0621846545386237","0.0635788799206471","0.938167685582107","0.0903501336412882","0.115203141624105","0.0374743144053797","0.727744004034672","0.166824224348624","65","6"
"29","0.264445294969661","0.22828196194893","0.128702443250566","0.130357268057221","0.0864334385692452","0.0493437478752605","0.0493437478752605","1","0.0668406799340774","0.0970885268963514","0.0566113190429968","0.17559678349675","0.761373212684963","115","6"
"30","0.266239084535968","0.224865435767011","0.120637135908016","0.125099984014319","0.0902730087811378","0.0411071766763274","0.0411071766763274","1","0.0789486547999757","0.110922348509929","0.0651397660824826","0.292282436358421","0.523198124542224","195","6"
"31","0.234791061612543","0.22909785850657","0.113223442098851","0.12121190345418","0.0674209995778495","0.0806773481281578","0.0999539012258863","0.635768832817328","0.0314694743632365","0.105113591562491","0.116723266081382","0.32071026872606","0.969525725555947","14","7"
"32","0.251322778897506","0.239718540075669","0.130445510116566","0.137582911162771","0.0469913596076783","0.0162260175197395","0.0702041082663882","0.696395566967491","0.0441290705094128","0.0534777680624091","0.121119032329603","0.381731575022312","0.708220466111653","32","7"
"33","0.247921969591516","0.221372572368021","0.119708595280002","0.122580222992124","0.0113744664937101","0.0139701163545601","0.0229149422714107","0.911762055620215","0.0743503737263658","0.0536934479140864","0.100493873320028","0.770283213971416","0.428483964002577","65","7"
"34","0.24444017073638","0.20643508778263","0.126897323147921","0.116319432126212","0.040004850434416","0.0201397735500042","0.0201397735500042","1","0.073748063797988","0.114833683815945","0.0847273993592612","0.724040345432257","0.398909326324567","115","7"
"35","0.252142331329769","0.207448026231958","0.12068377653481","0.116147824877247","0.0509606407072714","0.0231168218528036","0.0231168218528036","1","0.0598232682621357","0.10509915815659","0.0849405545224602","0.48641604414079","0.468536195657381","195","7"
"36","0.199559078813951","0.194128657933056","0.166278877555889","0.130052415629182","0.0612938650264918","0.0616869419187041","0.0856144380211137","0.66241362792129","0.000312292821335758","0.0254610289336839","0.0330002678543234","0.15283993613283","0.99989999991986","14","8"
"37","0.21691542668427","0.186557826419387","0.160877827138755","0.12369649396206","0.0588877055212542","0.0453723081037869","0.0453723081037869","1","0.00642811963399923","0.000157430077034979","0.1653011502912","0.827706086365429","0.514719683632653","32","8"
"38","0.238925680434395","0.210737457925536","0.137311403219788","0.115416925953545","0.0226946221039368","0.0505985183864248","0.0505985183864248","1","0.010209412316246","0.0147723321428826","0.171686644119962","0.802303593616721","0.549976495270058","65","8"
"39","0.244884975712374","0.210865736063424","0.112760897677954","0.113438270236967","0.0103359316290062","0.0269637250268314","0.0269637250268314","1","0.0233093783092307","0.0182771838008173","0.138650277401821","0.819113803120796","0.56609504249877","115","8"
"40","0.25395942240483","0.21633999382654","0.120349755468106","0.116676780713749","0.0265480498722494","0.0126726636800597","0.0127601006116165","0.994060524088853","0.0314576921293385","0.0297111654151195","0.101385520186399","0.733497761351932","0.583434727958764","195","8"
"41","0.221768176139298","0.212861060475049","0.166278877555889","0.160373762350242","0.118976033681326","0.0895706466137495","0.0895706466137495","1","0.000382962363889065","0.110349947415142","0.0237010086830652","0.0243379996275376","0.866473596744014","14","9"
"42","0.236059541766958","0.217603195970999","0.160776955454479","0.143940799579784","0.0929789149261796","0.0765298779301768","0.0765298779301768","1","0.094443570277959","0.12436233904495","0.000229397304422728","0.433696342067933","0.663466806931847","32","9"
"43","0.258120924739274","0.235413360389152","0.139960247121796","0.1361129066382","0.0996455591383327","0.0895078117161529","0.0895078117161529","1","0.0642279946272855","0.15535529604814","0.000963029424641564","0.616740234659358","0.600598775834318","65","9"
"44","0.261028875878475","0.228047070465343","0.128752877593896","0.127618634181773","0.0916473230566943","0.0566934851514294","0.0566934851514294","1","0.0366951890729572","0.158664093072999","0.0490982261973217","0.751809116692404","0.418261927466761","115","9"
"45","0.256690925149118","0.213874772009629","0.120690194353489","0.11820513843667","0.0706901416031669","0.00986094839026851","0.00986094839026851","1","0.02804897341553","0.120386901078405","0.117912185652561","0.590389857506228","0.404022532976908","195","9"
"46","0.231415025332871","0.225578889800906","0.155243674290223","0.119920536766674","0.0572526317706239","0.0725069921650581","0.0853045871655009","0.734987300347842","0.0852087552977455","0.00603109666842021","0.150537918760733","0.0934866253617019","0.999899999999495","14","10"
"47","0.262833951156438","0.250837559261331","0.151008664118309","0.145836946968776","0.0675145473673429","0.0373238094113994","0.0570576597436817","0.756245477573697","0.0993909049165717","0.0539889869475898","0.152084248121912","0.235542059229543","0.00708077050800342","32","10"
"48","0.257141601332246","0.239969521480686","0.118930249244848","0.127546625327204","0.0256181697446099","0.0646629842238635","0.0583465662732726","0.8851986585773","0.0219112283485058","0.0516079072425127","0.189394061193864","0.728531393638102","0.238191694593774","65","10"
"49","0.255621634621383","0.225177043843433","0.127914512298254","0.121483243496674","0.0348484042853489","0.0268797678408205","0.0265667535278909","0.988415531895747","0.000397036467497528","0.044630691045447","0.137765459478705","0.816759184744049","0.341921399732102","115","10"
"50","0.254334233999126","0.216242529832794","0.12068377653481","0.116489405374031","0.031558768189443","0.0221163370143946","0.0221163370143946","1","0.00642636124773457","0.0832889292267425","0.0920306827389796","0.816405075022451","0.376130604400535","195","10"
"51","0.222706765692154","0.21420576049832","0.166278877555889","0.137154035502483","0.0517323949713537","0.0363958989401379","0.0363958989401379","1","0.000305616116120719","0.0849473379079055","0.150079146352544","0.00463795782365822","0.0157222878631425","14","11"
"52","0.238278218169253","0.229038744637613","0.160877827138755","0.130465967987731","0.0421823554683654","0.0507196827494521","0.0513827792767201","0.892734595729917","0.140642460105008","0.00455288999833102","0.147087508597313","0.0136169163958466","0.0299448409528737","32","11"
"53","0.236841476821009","0.209373399008741","0.117176818148129","0.118989867631363","0.0184322031810696","0.0357404504713566","0.0357404504713566","1","0.0670085238459884","0.0340031951672714","0.142262219181181","0.459855876245718","0.750654937211956","65","11"
"54","0.246534626903251","0.2159168932488","0.126581868972578","0.116459015000042","0.0285090811785652","0.0122502864530716","0.0122502864530716","1","0.0846990322757314","0.0403277924994536","0.114252823622837","0.351373530322316","0.723902513864043","115","11"
"55","0.247776247011333","0.208448891465435","0.120045465128597","0.111967526933869","0.0291483647421828","0.00931934210667332","0.00931934210667332","1","0.0736510850263525","0.0621369867884137","0.10222552674896","0.617413931781873","0.572980524026073","195","11"
"56","0.277166064895388","0.27486132424984","0.163459024710559","0.170345333373684","0.110862542566195","0.0996966873609198","0.131748932342492","0.572962001160661","0.300592744160384","0.130409305118717","0.000689883974978553","0.027750494887152","0.963050471411124","14","12"
"57","0.25302385173132","0.237865422140225","0.139335248985245","0.144610292698324","0.0534128658870212","0.038088167779642","0.0710016195098903","0.723048747223177","0.108734667661869","0.0551372219390083","0.0728140626511252","0.761231221415387","0.462852902717063","32","12"
"58","0.252893304187422","0.227416570941716","0.119809105033129","0.129129282026616","0.0523948525541836","0.0167392832301694","0.0215219747920006","0.937824902995529","0.0907102910607517","0.108647926979333","0.095863937154613","0.252748753548265","0.763222449538285","65","12"
"59","0.249557785745877","0.214022288447523","0.127306120807207","0.120232029249633","0.0474514825788718","0.0192239267486472","0.0192239267486472","1","0.0784431036955029","0.059531750232215","0.089150884096223","0.371324465897398","0.792500114805878","115","12"
"60","0.251189471552274","0.203663231690028","0.12068377653481","0.115119610820172","0.0490629986883251","0.00477150778137747","0.00477150778137747","1","0.0681141927183803","0.0652572357626803","0.107349853378816","0.513824555727648","0.625134952240523","195","12"
"61","0.242851065313589","0.243851064001946","0.166278877555889","0.163065304428477","0.101825903104655","0.0720388844714578","0.0720388844714578","1","0.0968420130460063","0.175545860242315","5.48354702124426e-05","0.000879910110777714","0.0271131594698628","14","13"
"62","0.273703670645071","0.262342684649335","0.160877827138755","0.157853315788426","0.119493718744163","0.061112880529693","0.0672782480380725","0.875437432334045","0.146592990206181","0.0415663513944309","0.000344222938274435","0.219632710387526","0.994770282140583","32","13"
"63","0.268041007475347","0.243232936951358","0.13800503078628","0.138542248938215","0.104975550067798","0.0664625337153525","0.0659721723114481","0.990818556557113","0.0682384726612767","0.0895093633628008","0.000248681922864963","0.176844771310005","0.999192479800749","65","13"
"64","0.267546453735446","0.237667663018299","0.128532875247412","0.131351856294522","0.100695177902924","0.0541286517756161","0.0541286517756161","1","0.0552057376538922","0.064387050216471","0.051784812362674","0.227151016053227","0.90598489457497","115","13"
"65","0.268306478238047","0.227703524811571","0.12068377653481","0.126962480709692","0.106118726106288","0.00978018549227443","0.00978018549227443","1","0.0493267767222277","0.0667800100073845","0.100596338571628","0.339803868020575","0.745712071404626","195","13"
"66","0.224395084749963","0.217424293507524","0.134893935597126","0.12571080394975","0.0518457757460639","0.0793336370161177","0.0996520108427473","0.610924157803781","0.0179274339370128","5.82989198590656e-05","0.231744370001008","0.749936129529821","0.536556291575391","14","14"
"67","0.232959679495784","0.218045424419962","0.14996493745716","0.130020744959187","0.045255547494487","0.0268365460269663","0.064553768491069","0.72603891479121","0.000195289262138198","0.0492028256887582","0.145685087029178","0.804540754567658","0.442602094008643","32","14"
"68","0.259381707291502","0.233388445424239","0.136115903202088","0.135042949824394","0.0583565938691124","0.0680346731798288","0.0683313715546175","0.85791953557105","0.0121493506352292","0.0841395081475436","0.0421078329807359","0.309224861264756","0.822196896430993","65","14"
"69","0.258217963969549","0.225242798117475","0.12799175469044","0.126409014792532","0.0569603490558635","0.0612782273512347","0.0612101754470957","0.984239503875804","0.0401850542107067","0.0952403952574255","0.0487538929897139","0.804135375854541","0.369419361298511","115","14"
"70","0.25599347005828","0.218390854179743","0.119566509975135","0.117393668357796","0.0321671907579146","0.0311998861388926","0.0311998861388926","1","0.0373692440433165","0.0910122695412947","0.0799899411618321","0.533174583055176","0.393278694223089","195","14"
"71","0.22949198614815","0.226931871219232","0.166278877555889","0.139725490390141","0.0868067233561015","0.0332444382630315","0.048344592961175","0.865374573031096","0.0577952398901957","0.0525568039420321","0.107791332625841","0.0124465182206571","0.0294662732701426","14","15"
"72","0.241363539323167","0.225207157801284","0.140849435020441","0.129190798647098","0.0442413502015673","0.0384368758226039","0.0773123205480758","0.678403792203991","0.0785707995241864","0.0621168684859292","0.0573849245744814","0.245883634924603","0.912636516215668","32","15"
"73","0.243807598024854","0.227261856121714","0.121862079596545","0.117737696564578","0.0384939410404307","0.0382304904372063","0.0428569034642398","0.862894698665957","0.0445055865598016","0.0937097131823322","0.0642942580885447","0.414368393259998","0.823679014765991","65","15"
"74","0.246748507498914","0.21345309857485","0.113098110902167","0.115356360734207","0.0103321749589502","0.0168601837224449","0.0167359024719592","0.98266864825971","0.0372466210795564","0.119550492100177","0.0945955672762631","0.517042982889216","0.569861242923754","115","15"
"75","0.25263220048303","0.211289333537316","0.120143049017205","0.114124852896311","0.0259807956683282","0.0374298638546956","0.0372172536850915","0.981099440716365","0.0348496227648453","0.12110183879047","0.0718282474088132","0.687882412509672","0.543216370675408","195","15"
"76","0.202496929922586","0.197100128321878","0.166278877555889","0.119373624453344","0.0274293228400423","0.018814027955242","0.0595433486101715","0.703733648743396","0.0294113373150532","0.0818483784128811","0.125244097028092","0.762214808180767","0.507613630969849","14","16"
"77","0.232442111327628","0.217598320832939","0.137769154647146","0.13106858394879","0.0263977516100439","0.0399584628798597","0.0559238343069241","0.772528440374043","0.0481243135452067","0.064807989804864","0.153084859002448","0.73331717640277","0.55300804899722","32","16"
"78","0.253546703319036","0.234998251102258","0.136765808207532","0.131327204643352","0.0205071541688596","0.0320033803353485","0.0432424894775899","0.825085146115352","0.0750612217150924","0.0551139776495856","0.13988233743383","0.729854215560481","0.505043570833177","65","16"
"79","0.252634713883323","0.220475398909638","0.128752877593896","0.120419509700958","0.00349238671074613","0.0234970448732986","0.0238479131578481","0.938884850598508","0.0594297533530536","0.0696284358150234","0.133410244812132","0.737360285987849","0.435207824043129","115","16"
"80","0.252214790227922","0.210187124457521","0.12068377653481","0.114834684520665","0.0178990546057671","0.00294765134171657","0.00294765134171657","1","0.0438482632116479","0.0843769827779265","0.107891619258998","0.761770169615697","0.416695466215804","195","16"
"81","0.213666326974513","0.205130907260909","0.166278877555889","0.13020237084172","0.0264889478815209","0.0303914562298082","0.0662470701871662","0.698334201038388","0.0774472101565567","0.139864573664079","0.073853694435638","0.0154469357204135","0.0294010994211787","14","17"
"82","0.272993577215333","0.260693541103534","0.160877827138755","0.154434163783621","0.0990952539323062","0.0952102485576292","0.123776524336756","0.667542415823237","0.000206599575286599","0.286751649906308","3.82306345136903e-05","0.00368647227657324","0.0292712540454236","32","17"
"83","0.254233713828164","0.229870230274086","0.13800503078628","0.130527513807623","0.0755118455591719","0.0734320350101308","0.0736648790048593","0.904276833039423","0.0138736416050696","0.2535936200276","0.042387705172498","0.681904252846901","0.179573035127538","65","17"
"84","0.254737885755328","0.215776191589592","0.128752877593896","0.124253618638043","0.0531010463653689","0.0434092856861955","0.0435654576117244","0.980727687748105","0.0585839561382466","0.144010602654338","0.0605500983496589","0.33378137329753","0.609417634642626","115","17"
"85","0.257640970792178","0.215330840433431","0.12068377653481","0.119478710591816","0.0647606187863554","0.0421978960512416","0.0421978960512416","1","0.0726739890847635","0.130038783100633","0.0635730887551016","0.70499818547179","0.333297538446227","195","17"
"86","0.228863723779665","0.220579706674872","0.134999145091304","0.134330885937627","0.0370362210966738","0.067412742441371","0.101987426800269","0.589408348622127","0.0315635264906322","0.0534188041353593","0.0571260882012115","0.10611976172049","0.913092971202501","14","18"
"87","0.236919249073147","0.213208591757707","0.159831717454024","0.13753838188292","0.0496136939023972","0.0575685815078353","0.0631460381739006","0.869256725858239","0.0204058300432573","0.00466225085889784","0.0811368331960546","0.441442964087545","0.73984687552736","32","18"
"88","0.250819982143178","0.220754790437738","0.137462799516129","0.1233907217534","0.0468422841131492","0.0356984962203764","0.0380264307368607","0.933012383045198","0.00522667501886501","0.0341077809097156","0.0717859204253561","0.248799774052417","0.970644054921089","65","18"
"89","0.243652786025077","0.199766977369927","0.127878655138039","0.111593343863463","0.0160142053968689","0.0130297315489459","0.0130297315489459","1","0.0298324909040394","0.0267164292377797","0.117474636390388","0.582422308690175","0.541679105921924","115","18"
"90","0.244846841926341","0.203380449568808","0.11986102080579","0.107154582713717","0.0187457009691648","0.014710412727666","0.014710412727666","1","0.0292990265431633","0.0290866929059601","0.123463770867111","0.812395785356221","0.485658200620583","195","18"
"91","0.220640975953246","0.219496239486567","0.117648497945526","0.123386041852548","0.0629993582694205","0.06807295376376","0.128279307305056","0.495109038297682","7.1243586712126e-05","0.0990404555219312","0.0127769684234733","0.887551310261768","0.69766796354886","14","19"
"92","0.233602251669656","0.216734645526981","0.154520607056819","0.133433044222909","0.0175476480735294","0.0162826212849458","0.0670455552010633","0.708500070398725","0.0146366838954926","0.0920461299153758","0.107612415634299","0.66548766044451","0.0784592004856672","32","19"
"93","0.243875295076673","0.220005822639404","0.13342354343082","0.123970174183437","0.011134252555998","0.0154126925648756","0.0325255142291908","0.866483356702912","0.0645996495010034","0.0639810004379452","0.0966817446403963","0.231502323228895","0.682360997706634","65","19"
"94","0.248700940584249","0.214127406134495","0.128752877593896","0.118143000140461","0.0267549058537025","0.00887390141462211","0.00887390141462211","1","0.0633533735633538","0.0526745553329511","0.114152523728488","0.766974833932117","0.278949260577594","115","19"
"95","0.253288976426953","0.218378492912974","0.12068377653481","0.115831454748152","0.0220296907762033","0.016792278366121","0.016792278366121","1","0.0459710025730153","0.0780461740921248","0.128047799035486","0.747300020299572","0.304552838932301","195","19"
"96","0.217996999333724","0.213746399934149","0.173102157883248","0.161295567240912","0.117061554800843","0.0571036562670809","0.0697107437188094","0.84318643690378","0.0122894705841516","0.0927737418887566","0.00023172775246683","0.124104525802574","0.995488758762863","14","20"
"97","0.254370459667809","0.23794212310176","0.162914830772413","0.150524057198266","0.0633679128220067","0.0744025737237269","0.0758751947692572","0.833732000106595","0.0516008167339784","0.00269616458639033","0.0350321855355242","0.226661705408242","0.997037131430819","32","20"
"98","0.260565635514212","0.235081435624466","0.137631903916898","0.136087764344623","0.0640472003051592","0.0536255779585955","0.0546307236214029","0.904320908272212","0.0438059747503092","0.0116008663368972","0.0356345037371891","0.165666696112124","0.997040036489763","65","20"
"99","0.253312811374824","0.216250172356234","0.128321385047267","0.123186808374738","0.0556013391741105","0.0133479864896219","0.0133479864896219","1","0.0613869179724582","0.0274648066240479","0.117166883105507","0.788747566514342","0.324057635974434","115","20"
"100","0.256851150812051","0.212111663371308","0.12034755699549","0.119866917753369","0.0599741533482225","0.0168640486557973","0.0168640486557973","1","0.0399793273327166","0.0436858628585661","0.126989165556653","0.788187158848047","0.333303068399423","195","20"
"101","0.242128954507626","0.23427479550485","0.161563949873894","0.11116740796926","0.234384915127148","0.154826381852044","0.202711566310467","0.466862737266697","0.000493160840696881","0.170143939299738","0.251313485372793","0.570962704597604","0.259219375220278","14","21"
"102","0.21822993432436","0.206715969374404","0.12410449121286","0.121749711721942","0.0602315160610673","0.0498240646560225","0.0650084303819277","0.83706274543032","0.0579351925377041","0.213081727514104","0.107964639366649","0.512412258601175","0.471952342396624","32","21"
"103","0.248635649627478","0.227473390789252","0.136770236503904","0.126020026858938","0.0237677912954686","0.02131341842495","0.0382810580933256","0.85820109056947","0.0786246473478885","0.163202339270544","0.101446835009","0.641932373169336","0.396573758045691","65","21"
"104","0.249057270006576","0.218047186509691","0.127899904351651","0.118468776683137","0.0503357523490695","0.0184740893544083","0.0341921988761242","0.85008446120697","0.0788540290507138","0.10893354744466","0.0887252438244437","0.501800020789266","0.605518480196274","115","21"
"105","0.248659614632531","0.210974583882904","0.12068377653481","0.111805597768878","0.0363918816084477","0.00996940099336101","0.0106053116803098","0.965333711428998","0.0724542474343082","0.102311611835863","0.100455588839306","0.422437153099368","0.646737128311292","195","21"
"106","0.211517174218039","0.203397313091714","0.166278877555889","0.127303613562324","0.0401789576024376","0.0501597599677257","0.0636504365500268","0.676229670065073","0.000325532573665222","0.0475701486559667","0.167957408489059","0.611985795760829","0.696983096035306","14","22"
"107","0.248907753901778","0.232520317871606","0.145526649911114","0.146120181920974","0.0841355423665207","0.0766827755919735","0.083258327044749","0.854088505103089","0.0707957291952071","0.125830223480746","0.00020183517605436","0.672200209461535","0.639224832446539","32","22"
"108","0.267515578407913","0.239626985311623","0.13800503078628","0.13775878374643","0.102535566796543","0.0843530727618224","0.0843530727618224","1","0.0773706459473456","0.117698082616037","0.00863903007909413","0.279133379933448","0.814694668267031","65","22"
"109","0.264581360922545","0.225298656516308","0.128752877593896","0.129386436472981","0.0920246842421383","0.0605307067912997","0.0605307067912997","1","0.0738957736507326","0.109604409774922","0.0405116969185265","0.230541525147898","0.836848810446633","115","22"
"110","0.260371074462006","0.214038809553996","0.12068377653481","0.120354957920919","0.0639023322842034","0.0241651350214607","0.0241651350214607","1","0.061016974209729","0.0929666955734084","0.0841843557296204","0.6467697539518","0.438709395509354","195","22"
"111","0.309943882174109","0.305910006069568","0.186505516849054","0.178876638439479","0.122296823714277","0.119998148845456","0.173319599036545","0.513748838920449","0.250616598374904","0.0286222245422062","7.57440139853378e-05","0.000335903741701794","0.0291577754577509","14","23"
"112","0.266555294148046","0.255598111700789","0.155531863273687","0.1503206262548","0.0806855941090803","0.078493491935715","0.0908598174072936","0.791198788560068","0.161322909946193","0.12418125938518","0.00036850516409148","0.688233484825481","0.186902586846357","32","23"
"113","0.26309771911415","0.239647504113287","0.13653719883298","0.135931924441244","0.0728701962052932","0.0199692200329289","0.0301305479534064","0.856409459494249","0.0462809831349638","0.0921370086759236","0.123342230771221","0.190687753391978","0.900781253645074","65","23"
"114","0.259266326202046","0.226678814284092","0.124759559585603","0.128323189095688","0.0615885859925244","0.00172244919360306","0.00323280780887988","0.988652425588078","0.0507623948128624","0.0824973661335807","0.108689863742219","0.451264043411","0.540795142625258","115","23"
"115","0.256543592076582","0.212901503162853","0.115784926838359","0.119255978080487","0.0575621120084484","0.0296074444709215","0.0296074444709215","1","0.0910383354518587","0.0816271153931207","0.078134168930131","0.691511266449921","0.434965003540323","195","23"
"116","0.230129165568955","0.225435031654037","0.153055295061993","0.137550990746858","0.0454819616268301","0.0492333441679017","0.0873986698592912","0.670252984322556","8.09348780726513e-05","0.0270858088971097","0.152259476223846","0.00122657747876724","0.980298601632268","14","24"
"117","0.253454541681142","0.244842106598452","0.156377082213476","0.139686877476511","0.0759527644370752","0.0540591009474069","0.0763297899425892","0.749475755106475","0.0130794878120204","0.205294004445789","0.055759652402447","0.00253816040903128","0.999797066935761","32","24"
"118","0.250220374541331","0.224409193822818","0.136965112887141","0.124785846698103","0.0352026879181956","0.00816658622255888","0.0173986740931593","0.922634703130933","0.0418175267217751","0.0890398107684951","0.119508540504415","0.73541719126212","0.236962118803296","65","24"
"119","0.261384413198647","0.223608729156698","0.128227980506499","0.127069873291399","0.0648878540324563","0.0364717732134324","0.036474674003343","0.999897903366405","0.0447498374915505","0.116140517608904","0.0722213077740311","0.763804067349691","0.239707591914507","115","24"
"120","0.261888184736262","0.219933212910058","0.120380481211611","0.122424386210125","0.0619226746387635","0.0411083274524727","0.0411083274524727","1","0.0462483203285803","0.115282465151277","0.0675671393008208","0.761748251072836","0.346685211068125","195","24"
"121","0.296853494514295","0.29500382375015","0.166278877555889","0.169153315473443","0.0504952506146728","0.0615433899286558","0.167226354919408","0.439535783899857","0.0675733209292786","0.166014778713499","4.90445807904418e-05","0.766214635020301","0.570374741925615","14","25"
"122","0.247632338816928","0.236487900275049","0.160877827138755","0.132012657115752","0.0535180316291194","0.0760933199179728","0.0954388158306021","0.664930314554953","0.0356266588544558","0.152376643658137","1.29556881349997e-05","0.810774710104306","0.640652909483257","32","25"
"123","0.254342970274936","0.237980458003824","0.13800503078628","0.123807869701538","0.0377306145876568","0.0054981611448285","0.0561728138461109","0.754093214490013","0.0407693097919137","0.0972601757634605","0.105400036202249","0.524288229186917","0.477629931752617","65","25"
"124","0.249913675125478","0.219912183662311","0.128295341310895","0.117869019987617","0.0361226371240448","0.00872600237229316","0.0242401335622365","0.898530772629316","0.0201398554786875","0.0728677207229976","0.113878549174532","0.778101099270987","0.3009395051774","115","25"
"125","0.249532925933441","0.215525021814335","0.120484577649338","0.112428821832711","0.0119420044854225","0.0223729500694265","0.0223729500694265","1","0.0179722607128992","0.0817094450057842","0.134551214106565","0.752406625587523","0.298643480749396","195","25"
"126","0.238834787474582","0.227297545140665","0.155830079027783","0.158850681457129","0.0876557442641235","0.0708863592790475","0.0999676020381545","0.734898424868478","0.00013476309941801","0.208112359939932","1.1602306330713e-05","0.000107411040721798","0.0297186721911409","14","26"
"127","0.229986012168244","0.207830528517856","0.132064452630683","0.127837918348957","0.023999850411089","0.0495649227565451","0.0471036871701525","0.870671678913303","0.083341970665839","0.0416326285302124","0.174944997755188","0.695733129226747","0.268035157131138","32","26"
"128","0.250101185533462","0.226187407607318","0.120737409326128","0.125851560529423","0.0302159589782607","0.0252818941607317","0.0243370364162709","0.976814337525274","0.0991732854791548","0.0623014177551834","0.128482859526127","0.319150895405719","0.338349030734221","65","26"
"129","0.246431260985404","0.211018299053967","0.128777705687384","0.115766787294415","0.0180123661954365","0.0522742391732459","0.0522742391732459","1","0.036161566508318","0.0534541993669362","0.169235107393268","0.536186201777031","0.346499406774935","115","26"
"130","0.255244209156887","0.212619556079822","0.120631569610218","0.116260777082702","0.0378876529650707","0.0135447082940194","0.0135447082940194","1","0.0421627987306497","0.0709009491502474","0.124767066750688","0.604603614057938","0.403377954317986","195","26"
"131","0.255140083360507","0.246222867614235","0.186680743265384","0.152896749149706","0.0580869198461502","0.0893732261883083","0.176606495391325","0.367647228278057","0.0617491032287296","0.0420100877460448","0.0450542547997844","0.82748965376006","0.160907600645344","14","27"
"132","0.24128561344026","0.228835976555746","0.160877827138755","0.133295064877515","0.0173944828724799","0.0432084091915089","0.0804100538302816","0.666061716608242","0.0704649531631187","0.0605314169437557","0.0661267834139891","0.802043773037062","0.488628046503848","32","27"
"133","0.241672297175613","0.214673959047445","0.13800503078628","0.120006262283951","0.044482160318695","0.0358760860046122","0.0375335632236291","0.922248217663482","0.0783314673236917","0.0919160867797036","0.0683935102402154","0.760149718137213","0.310480815905032","65","27"
"134","0.249582173369615","0.215747421353709","0.128752877593896","0.117637398775988","0.0308493681100356","0.0388406413130275","0.038705256416537","0.983345740325992","0.079130347183692","0.129760961346317","0.0638024313364093","0.710929314145702","0.246230711783083","115","27"
"135","0.252562324492636","0.217267479663181","0.117722749103298","0.113587185781395","0.00456834151663523","0.0161411139774206","0.0161411139774206","1","0.0614292786400062","0.103764441970708","0.0925395947589039","0.496768363941934","0.32216302734898","195","27"
"136","0.212252745414826","0.208814106821704","0.166278877555889","0.145174234330808","0.0645329947804837","0.073943048859205","0.0749035386764935","0.926284225097694","0.0381507352583791","0.182101581661421","0.00151513809937959","0.00206924244152935","0.0274933097562343","14","28"
"137","0.246397645449307","0.226210789404468","0.153408277609442","0.145528940326556","0.0901904767818558","0.0596744219327972","0.0632940946490811","0.926965394929089","0.0359758397283839","0.0501568958089196","0.00232578971218242","0.160121926834213","0.997981058578724","32","28"
"138","0.248701450601561","0.215223918096798","0.130318241815759","0.126608340710582","0.0661072304899011","0.0265205182694002","0.0265205182694002","1","0.0113233694280527","0.0634182523937791","0.138582590542126","0.115818991547572","0.933605065615697","65","28"
"139","0.250565555311188","0.206611462509284","0.128752877593896","0.120552499661966","0.0586816555174283","0.0579687898867232","0.0552966648729842","0.976421268979487","0.0165647964713732","0.0917715704084437","0.153698698366522","0.0639017244597174","0.998264282682099","115","28"
"140","0.247275011969557","0.199609141593574","0.119845804461299","0.11157523547824","0.0147196579195108","0.0334123057200128","0.0334123057200128","1","0.0353888960445353","0.0898133630279583","0.145164512315734","0.636901634001505","0.353853471263437","195","28"
"141","0.251593514537155","0.244196507632151","0.166278877555889","0.167251646769999","0.114110563292624","0.118783787711333","0.145375633133012","0.645567952090509","0.192657239780744","0.000152083029144964","2.75186736150044e-05","0.806880343205856","0.409269198859983","14","29"
"142","0.251593958266801","0.236619874559791","0.160877827138755","0.143003085816266","0.0757542571761212","0.0904934985550793","0.0907566834912498","0.786240988576425","0.0573716433528138","0.107730200239748","0.0025572994483548","0.824428917965043","0.451996328122773","32","29"
"143","0.2533011924119","0.230713828760197","0.13800503078628","0.12795069001628","0.0578392194564477","0.0688066544226484","0.0679357105629055","0.870640453460073","0.0388323522683016","0.0981862153642074","0.0396629387495677","0.816133470774203","0.381310513684766","65","29"
"144","0.260172359141003","0.226862592830035","0.124526832085622","0.1280401265377","0.0545929788567564","0.0679879384513759","0.0672332805722754","0.94301205540178","0.0600080723168129","0.102692947752332","0.0361563525258282","0.346677951750722","0.738377565022654","115","29"
"145","0.258656171805757","0.217267331868056","0.117272561199304","0.118684306679794","0.0481868625904014","0.0617165518925573","0.0614356429204257","0.979237588841987","0.0567995753120677","0.107385893844611","0.0456185272255198","0.380370902643073","0.648390961012458","195","29"
"146","0.24255685133169","0.233513884214144","0.160520194557324","0.14835309768158","0.0872374054020558","0.0879264092760033","0.110594588680413","0.654807853239182","0.0966956877254986","0.0594919513513724","0.000361520809197625","0.0468304609843553","0.99989999999816","14","30"
"147","0.228872221819264","0.20810926284578","0.160877827138755","0.123467385090302","0.0298107934472655","0.0561678920384209","0.0579544138020586","0.83331909745202","0.103894436173666","0.091797346587344","0.0414912632835673","0.385200353671266","0.405273486793956","32","30"
"148","0.242662072171295","0.216459312603183","0.137283698881884","0.118234878358177","0.0208715505452041","0.0467869640399648","0.0482039956546924","0.852149514257896","0.0838081461336224","0.0932744501011655","0.0549426998278376","0.288081490094432","0.641038510429101","65","30"
"149","0.243970940127041","0.21020404684257","0.12847668311097","0.113758818144954","0.0159934030968195","0.0306495817525915","0.0306495817525915","1","0.0685510707223453","0.0856669105746386","0.0775784136100498","0.715439162053935","0.246245182385203","115","30"
"150","0.246354217795516","0.205034456697166","0.120451196896213","0.106876796441055","0.00479845747311111","0.0243204137028823","0.0243204137028823","1","0.0761555139816075","0.0644665892246376","0.084307571461101","0.409647343785704","0.574347042408524","195","30"
"151","0.270069126813945","0.271094074728096","0.166278877555889","0.169332984896242","0.11530228230138","0.0721164676818688","0.106000464058972","0.665424110804205","3.14741884061893e-05","0.000285733881610011","5.59338763705784e-05","0.7303845749935","0.940880531778922","14","31"
"152","0.248506911513635","0.228282312126136","0.149895287728036","0.140197894444712","0.082338861271284","0.0842443830586796","0.084225558104998","0.900699248200715","0.00033481390394917","0.121310811984284","0.0202126760855985","0.856262409970097","0.367972961681541","32","31"
"153","0.247425378137843","0.215950996394697","0.136285771655256","0.12248627971197","0.0457341055885606","0.022383099752979","0.022383099752979","1","0.0475536607229596","0.0771256732029498","0.0922127493080774","0.776608102831138","0.203844505734395","65","31"
"154","0.248041766836576","0.212374204017504","0.127471624979901","0.115623417516959","0.0368843491962459","0.0467669413464595","0.0467669413464595","1","0.0451526661152097","0.07108226077272","0.16087434801604","0.719861431881783","0.153209633944149","115","31"
"155","0.249557793666243","0.208190377051562","0.12068377653481","0.110311724853419","0.0225718331414503","0.0117750594933831","0.0117750594933831","1","0.0544649266076432","0.0774657325246154","0.121824652350151","0.745410623382509","0.236786258330104","195","31"
"156","0.273897158529839","0.279792104401425","0.172319631178766","0.163424259446441","0.121673631271161","0.0824027231410879","0.119260338068431","0.646903512828328","0.111201934777991","3.28282429146217e-05","0.000466470559795712","0.134497872368774","0.995072733512265","14","32"
"157","0.27107525470166","0.252075103080932","0.160877827138755","0.15725854144936","0.105881106419531","0.0845242846001974","0.0943017093134893","0.829073226682042","0.136439598118374","0.0820143805622631","0.0002159691158504","0.776208589762061","0.483946387616982","32","32"
"158","0.264778277907353","0.243010612561676","0.136163720381269","0.138125056873824","0.100946771523816","0.0698445965502607","0.0698465089455282","0.999467895581853","0.140656738781164","0.0930045036724593","0.0211756230590664","0.744330729051602","0.479116715994857","65","32"
"159","0.262453522648734","0.230291678209708","0.128752877593896","0.128737010275275","0.0754611847123362","0.031858194291269","0.031858194291269","1","0.0786708586906063","0.0723086477640392","0.0734830120016322","0.516507421085037","0.607791343846317","115","32"
"160","0.262312524814488","0.221344886877324","0.12068377653481","0.123161095878499","0.0760161212440053","0.00602065372661505","0.00602065372661505","1","0.0747035008176","0.0821869437722658","0.105681786455398","0.73437270509557","0.380072622831106","195","32"
"161","0.280091588353657","0.278745564826546","0.166278877555889","0.153438019253511","0.100677739093904","0.0631163174366894","0.0802982416466175","0.634462649713907","4.89772384449389e-05","8.48501075885274e-05","0.220704002092487","0.779101615838492","0.414701023695836","14","33"
"162","0.260546760869601","0.240476025635721","0.140613564672871","0.146417829189494","0.0185032733328976","0.0807658264720506","0.0761439335972657","0.717914663717786","0.0220728474406903","0.0515088298346032","0.215330359472304","0.16772024280749","0.758720810275828","32","33"
"163","0.255001888023883","0.227674333806266","0.137393287089543","0.126612859237425","0.0360441185391829","0.0319526474883825","0.0323055026601134","0.900300212948422","0.0405691717292104","0.0575423862276889","0.148756243492838","0.190180278732588","0.591754534328669","65","33"
"164","0.254733675479442","0.220998284685407","0.128146232276662","0.120383887131719","0.0403446677306973","0.0251036850640803","0.0240821789313335","0.978575686068308","0.0436133950518614","0.0494389470538436","0.137068705949206","0.371862956443002","0.479158171991542","115","33"
"165","0.25415720588803","0.213751845087335","0.120461934389283","0.116396802369407","0.0232081987208276","0.0200820401567884","0.0200820401567884","1","0.0441676354364085","0.073282312921882","0.131730529310808","0.744950716985347","0.29517209052701","195","33"
"166","0.250339401256832","0.254667253079566","0.169167626778115","0.167381200042508","0.138971857840934","0.0953070991862773","0.0953070991862773","1","0.000373294717134832","0.00451755020666354","0.0483622031240071","0.946436624145981","0.41644646949772","14","34"
"167","0.258322310809541","0.242618295499602","0.159978046125728","0.150448899572121","0.106371258745441","0.0685695139007578","0.0685695139007578","1","0.0426312850712526","0.210443430478564","0.000417531630980188","0.744451119547354","0.257877275624864","32","34"
"168","0.263342694862354","0.236688074605154","0.138142771146752","0.1396113379449","0.074528841840815","0.0420069677812855","0.0341826735714942","0.921262984183493","0.0236326766065224","0.0967954120331914","0.156079195947818","0.722942024456886","0.378356137740668","65","34"
"169","0.263527744801052","0.222574034587284","0.128763754631816","0.133126669376348","0.0855273378588026","0.00694031265661924","0.00694031265661924","1","0.0556080200172896","0.105367573135212","0.102827034934046","0.735612348137171","0.230817726723886","115","34"
"170","0.264895321919853","0.215851707865239","0.120588603849034","0.126543855242405","0.0710726904647576","0.0325375502038006","0.0316827408728374","0.991527141306618","0.035227522219455","0.0671074750773916","0.145391033143293","0.752048242652252","0.343869775447523","195","34"
"171","0.216616788367422","0.2123747115386","0.161857871595911","0.10461427894021","0.271550835769343","0.108029084891878","0.231446234662097","0.315351215001302","2.30862172868767e-05","6.49410385535301e-05","0.27474301810266","0.724261649845984","0.43033061703703","14","35"
"172","0.229860343608986","0.219602046425596","0.127555849553382","0.119544497777707","0.182916018592715","0.0508169168375344","0.146518700369426","0.501068962966185","0.0149299630636132","1.06223863419193e-05","0.190668366842013","0.794302269103891","0.324179001618382","32","35"
"173","0.244521868735639","0.222442392160343","0.10356897588885","0.116396485667126","0.143182154516012","0.0391553727274256","0.0964258160914834","0.662856654499205","0.0337077531641892","2.7972501161404e-05","0.150731227718933","0.815025629629482","0.463130739558695","65","35"
"174","0.2459750781868","0.221301069053138","0.0897557103778575","0.11262662905806","0.121326726599385","0.0217797141941982","0.0651193490527207","0.756853724637825","0.030695121730418","0.0472289512731483","0.134959862387371","0.764288349693388","0.386483322471094","115","35"
"175","0.248278251881859","0.215157950615743","0.10605640737862","0.109776405702759","0.0987873432657694","0.0193759433149382","0.043054112958196","0.844601244969699","0.0382128521003244","0.0553786408757644","0.130798772616309","0.774981271059346","0.361527698253085","195","35"
"176","0.234948981676534","0.22868575535586","0.166278877555889","0.12955685832732","0.0484695059886724","0.0480879900026699","0.0804060371965825","0.677085076365687","0.0132494806883781","0.112371430485975","0.0279358573939009","0.141951646179734","0.999899999978596","14","36"
"177","0.218625462663276","0.203911926113085","0.160877827138755","0.118966514678598","0.0163534588896706","0.0503519872567004","0.0494831391341313","0.837297254361051","0.0546116044827827","0.0833038370278183","0.0661310611149701","0.274184086767636","0.219773044195504","32","36"
"178","0.240448203986389","0.22086484967582","0.112202128103426","0.113126809913797","0.0393920360928431","0.0257670902791779","0.0382092038871991","0.830915009127986","0.0454561316893839","0.0773647002517201","0.0860729008196753","0.790421648135453","0.377079454101337","65","36"
"179","0.254456992128272","0.225488561786483","0.105520408289735","0.121024857869848","0.0221605539061453","0.022338641250014","0.0286666157433604","0.90674539148339","0.0305461020024956","0.0931593597858212","0.0774322027094848","0.0519555134086772","0.99989999992705","115","36"
"180","0.255178159739782","0.221835253949182","0.119242296643775","0.117877094028784","0.0286257593818593","0.00810369554811091","0.0103805526273202","0.967544496544779","0.0434892964957148","0.076816426292793","0.118702834715908","0.744697322886487","0.283842043848893","195","36"
"181","0.238602827654379","0.231394206763324","0.186716340718523","0.15384120691172","0.103187066262222","0.087913274093123","0.101990913048494","0.737478084290304","0.195014752899544","0.131918324513569","0.000189336046662399","0.549362667918842","0.00847751220026585","14","37"
"182","0.259918605925731","0.246770518511489","0.157833362736764","0.150970841552602","0.108177055385585","0.0936905529571658","0.0976389988656656","0.832331514396774","0.103076985285597","0.0481944226614737","0.0154233570477037","0.812993002926407","0.384921193008152","32","37"
"183","0.257981621690435","0.224680236873954","0.13735989896241","0.131899758305139","0.0945996777441569","0.0714688010596057","0.0714688010596057","1","0.0459585619713015","0.051147382205862","0.0410753489925297","0.860924887140725","0.477705918487071","65","37"
"184","0.265235476048488","0.227127069370242","0.128752877593896","0.130137570378344","0.103210050981376","0.0784732831258154","0.0784732831258154","1","0.0463197716008121","0.0713222151508426","0.0306057619460266","0.537758250689726","0.646629164421899","115","37"
"185","0.265371703271526","0.217888640703014","0.12068377653481","0.124428253427835","0.0970057053297817","0.0529695128990851","0.0529695128990851","1","0.0428516302835799","0.0884763527276071","0.0567341951809716","0.80776507864559","0.451235633267869","195","37"
"186","0.264834951433984","0.261929538039756","0.160322005466312","0.162228128304082","0.114674554744582","0.0460949602830683","0.0970415833180174","0.621294546286729","0.00485950549505255","0.0327630612776219","0.149018667477158","0.0051446063691642","0.0285588770445459","14","38"
"187","0.269843124870224","0.251840829342001","0.158311477096898","0.158298455018186","0.113735193615902","0.0989735200795286","0.0855687040510155","0.591686564597861","0.0329802729948288","0.0260593768818183","0.238870969796737","0.0223196375075253","0.997158876343215","32","38"
"188","0.261265906393089","0.231112878651172","0.137378523617965","0.128725349712861","0.0708846593922251","0.0878148820970893","0.0634449397588883","0.781788732873793","0.0207543848747885","0.0620405060977457","0.208427303444072","0.338453363435746","0.637868770397905","65","38"
"189","0.253661373293106","0.215618400189325","0.128172816958156","0.117879569170882","0.0553273429896214","0.0987651415015352","0.0790314111026121","0.871239084412771","0.0535425655227957","0.0627476211487901","0.211590088111736","0.368827820595891","0.578809743517919","115","38"
"190","0.252530267975337","0.211580264323077","0.120077936595563","0.113203250030598","0.0473372891980848","0.0725272553540608","0.0702586169463279","0.981073315581272","0.0433057203814217","0.0735162875688203","0.184093779796406","0.371117586500799","0.610898818964359","195","38"
"191","0.232891260532022","0.231099773596853","0.151278522018216","0.143473798387355","0.126404836590249","0.143868368137549","0.187633681987591","0.397691888901062","0.068099719640615","0.397499908682889","8.90474182042337e-05","0.534017750026849","0.3951270483078","14","39"
"192","0.261191441498833","0.244215968550879","0.15570369915088","0.153449874525657","0.0936538822564445","0.101068901903752","0.0958080753982906","0.630387877492456","0.0200296547857203","0.301342483440807","0.0140621638019475","0.663460169399451","0.461894298065271","32","39"
"193","0.26825098436199","0.24443175923972","0.13800503078628","0.139221665854531","0.104197145843712","0.0493483867866178","0.0512123239610901","0.952310158369794","0.000214881405530141","0.141703642879514","0.0604232744730227","0.629255671120883","0.674408934528407","65","39"
"194","0.268874620322848","0.23280423101164","0.128752877593896","0.134973242315871","0.106557738348703","0.0482850447372648","0.0482850447372648","1","0.018678223833141","0.151065767606182","0.0618640221973404","0.766830313280681","0.411961586439508","115","39"
"195","0.26160216382918","0.214387862246443","0.12068377653481","0.121826101885473","0.085101240036081","0.00691891578734243","0.00691891578734243","1","0.0394317134080043","0.099991834345617","0.116544162690386","0.743102040526643","0.380825070254696","195","39"
"196","0.22917682216652","0.224681049329013","0.149366890207502","0.140652481146637","0.0689427480846139","0.0760837279947176","0.129190798016641","0.512486071111837","0.000285100248535067","0.000431224235411281","0.00447181119619455","0.172755376900631","0.999899999991505","14","40"
"197","0.247235771140325","0.226888783687367","0.156307886698449","0.127209993463601","0.0421400445118562","0.0356925135210886","0.0801613124541299","0.675292912516819","0.0614332140644568","0.0247171910464148","0.137625125269951","0.000674350166083116","0.998647372193203","32","40"
"198","0.257438835841122","0.239424603043318","0.133672407577636","0.108839624970741","0.0797033459924611","0.0415653791476128","0.0610927885399811","0.797156166977323","0.042796790801298","0.0287168367170149","0.145573425916841","0.022596288751451","0.999899999996651","65","40"
"199","0.259979202008842","0.237394077988277","0.12572619023391","0.109900795881436","0.0582202084925838","0.0278041876450982","0.0411591988701441","0.857792551585163","0.0479529283806389","0.0391586919846476","0.139106315257585","0.441741411305027","0.557857944583094","115","40"
"200","0.259417894474151","0.231858586358779","0.11957804224578","0.111864613908087","0.035824636943985","0.0110208478689887","0.0184693917292338","0.930932812416703","0.0570160007205663","0.060659789058535","0.120117448516736","0.580568665735778","0.490532954432006","195","40"
